,problem_index_letters
4246,A
16076,A
10824,A
2970,A
16069,A
10829,A
16062,A
6337,A
2978,A
10831,A
16057,A
10836,A
16052,A
6330,A
2985,A
16046,A
10846,A
2991,A
6324,A
16040,A
10851,A
2997,A
16036,A
10856,A
6317,A
16030,A
16025,A
10861,A
6345,A
16081,A
2963,A
6347,A
16136,A
16131,A
10793,A
6371,A
2927,A
16125,A
10803,A
16120,A
2933,A
10805,A
16114,A
6364,A
2939,A
3006,A
10810,A
10812,A
2945,A
16104,A
10817,A
6356,A
16098,A
2952,A
10822,A
16092,A
6350,A
2957,A
16086,A
6348,A
16109,A
6377,A
3008,A
6312,A
3057,A
15966,A
10896,A
15961,A
6273,A
15956,A
6271,A
15952,A
10901,A
3071,A
15947,A
10906,A
10907,A
6262,A
3077,A
3078,A
15942,A
15938,A
10912,A
15933,A
6257,A
3087,A
6255,A
15928,A
10914,A
15923,A
10919,A
6279,A
10891,A
15970,A
10889,A
16019,A
6310,A
3015,A
10863,A
16014,A
10868,A
16009,A
3022,A
10870,A
6301,A
16004,A
15999,A
10875,A
3009,A
3031,A
15994,A
6294,A
6292,A
3037,A
15990,A
15985,A
10882,A
10884,A
3045,A
15981,A
6286,A
15975,A
3051,A
10877,A
15918,A
2918,A
10782,A
10699,A
16275,A
10704,A
2794,A
6462,A
16270,A
10709,A
2800,A
2802,A
10711,A
16265,A
6454,A
2808,A
10716,A
2810,A
16260,A
6449,A
16255,A
2816,A
6446,A
2818,A
10721,A
16250,A
10726,A
2824,A
16245,A
6439,A
16280,A
2786,A
6469,A
16285,A
16325,A
10665,A
16320,A
10670,A
2749,A
6495,A
16315,A
10675,A
16310,A
2757,A
10680,A
2759,A
6488,A
10728,A
16305,A
6483,A
2766,A
16300,A
10687,A
2772,A
6477,A
2774,A
16295,A
6475,A
10692,A
2780,A
16290,A
10694,A
10685,A
10787,A
2830,A
10730,A
10770,A
16175,A
6397,A
2885,A
16170,A
10772,A
16159,A
10777,A
2892,A
16158,A
16157,A
16156,A
6390,A
16153,A
2900,A
10780,A
2902,A
16152,A
16151,A
16150,A
16149,A
16148,A
2909,A
6384,A
16146,A
16145,A
16144,A
16180,A
2878,A
10765,A
6403,A
16235,A
6432,A
16230,A
10735,A
2840,A
16225,A
10740,A
16220,A
10742,A
6424,A
2848,A
16215,A
10747,A
16240,A
16210,A
2856,A
16205,A
10752,A
16200,A
10758,A
2863,A
6410,A
16195,A
10760,A
2870,A
16190,A
6405,A
16185,A
6418,A
2743,A
6249,A
15913,A
3329,A
11120,A
15593,A
6069,A
3335,A
15587,A
11125,A
15581,A
11130,A
6060,A
3342,A
15575,A
11135,A
3348,A
15569,A
11140,A
6052,A
15563,A
3354,A
11145,A
15557,A
11150,A
6044,A
3361,A
15551,A
15545,A
11153,A
11115,A
15599,A
3323,A
6077,A
3281,A
15659,A
11071,A
15653,A
6104,A
3290,A
6102,A
15647,A
11076,A
3296,A
15641,A
11081,A
6095,A
3368,A
15635,A
3304,A
15629,A
11095,A
15623,A
6087,A
3311,A
15617,A
11100,A
11105,A
3317,A
15611,A
11110,A
15605,A
11086,A
6110,A
6038,A
11159,A
15472,A
15466,A
11224,A
3423,A
5993,A
15460,A
3429,A
11229,A
15454,A
11240,A
5985,A
3435,A
15448,A
15442,A
11248,A
3442,A
11253,A
15436,A
5976,A
3448,A
15430,A
11258,A
15424,A
11263,A
5970,A
3455,A
3457,A
3417,A
3416,A
6000,A
11219,A
15533,A
3375,A
11164,A
6031,A
15527,A
15521,A
11169,A
15515,A
6025,A
11177,A
3388,A
15508,A
11182,A
15539,A
15502,A
3395,A
15496,A
6014,A
11199,A
3401,A
15490,A
11209,A
15484,A
6007,A
3407,A
3410,A
11214,A
15478,A
11189,A
3099,A
15665,A
15671,A
10962,A
15851,A
10964,A
15845,A
6207,A
15839,A
10969,A
15833,A
3160,A
10971,A
6200,A
15827,A
6199,A
15821,A
10976,A
6194,A
3170,A
15815,A
15809,A
6191,A
3176,A
10981,A
15803,A
10986,A
6185,A
3183,A
15797,A
6212,A
3146,A
15857,A
10957,A
10929,A
15908,A
6243,A
3106,A
10931,A
15903,A
10936,A
3112,A
15898,A
6235,A
6234,A
15893,A
6233,A
6183,A
3120,A
10941,A
15881,A
10943,A
3128,A
10948,A
15875,A
10950,A
3134,A
6221,A
15869,A
10955,A
3140,A
15863,A
15887,A
11066,A
15791,A
3191,A
15725,A
6144,A
3240,A
6142,A
15719,A
3245,A
11031,A
15713,A
6136,A
15707,A
11036,A
3253,A
15701,A
6130,A
15695,A
11042,A
3260,A
11051,A
15689,A
6124,A
3267,A
15683,A
11056,A
15677,A
11061,A
6116,A
3274,A
11026,A
3234,A
11020,A
15731,A
15785,A
10988,A
6177,A
15779,A
3198,A
10993,A
15773,A
6170,A
15767,A
3205,A
10998,A
15761,A
11003,A
6180,A
3211,A
3213,A
15755,A
11005,A
11010,A
3219,A
3220,A
15749,A
6156,A
15743,A
11015,A
3228,A
15737,A
6150,A
6163,A
2741,A
6502,A
10655,A
10230,A
2246,A
16910,A
10235,A
6873,A
16905,A
2253,A
10237,A
16900,A
10242,A
16895,A
6865,A
2262,A
16890,A
6862,A
16885,A
10247,A
2268,A
6857,A
16880,A
10254,A
16875,A
10259,A
16870,A
6849,A
2280,A
16865,A
16915,A
6880,A
16920,A
10225,A
16980,A
10193,A
6911,A
2201,A
16975,A
16970,A
10198,A
2208,A
10203,A
16965,A
10206,A
16960,A
2215,A
10264,A
6898,A
6896,A
16950,A
10211,A
2224,A
10213,A
16945,A
10218,A
16940,A
6888,A
2231,A
16925,A
10223,A
2237,A
16955,A
10191,A
16860,A
6843,A
16795,A
10308,A
10315,A
2340,A
16790,A
10319,A
16785,A
2346,A
10324,A
16780,A
10329,A
6794,A
2352,A
16775,A
10331,A
2358,A
16770,A
10336,A
6787,A
16765,A
6785,A
2365,A
16760,A
10344,A
2371,A
16755,A
10346,A
6808,A
2333,A
16800,A
6811,A
16855,A
2290,A
10271,A
16850,A
6837,A
16845,A
10276,A
2300,A
16840,A
10283,A
6831,A
16835,A
6829,A
10266,A
2307,A
10288,A
16825,A
6822,A
16820,A
10296,A
16815,A
2320,A
10298,A
6816,A
16810,A
2326,A
10303,A
16805,A
16830,A
6778,A
2195,A
6917,A
2066,A
17141,A
17140,A
17139,A
17129,A
10101,A
2075,A
6996,A
10106,A
17121,A
10111,A
2082,A
6989,A
17111,A
2086,A
17109,A
10117,A
2090,A
10119,A
17099,A
17098,A
6983,A
17096,A
17091,A
17090,A
10124,A
2103,A
7002,A
17142,A
17143,A
17144,A
7033,A
7031,A
2024,A
17216,A
17211,A
10070,A
17206,A
10075,A
7024,A
2035,A
17196,A
10077,A
17190,A
10126,A
10079,A
7017,A
17184,A
10084,A
2048,A
17178,A
10086,A
17168,A
7010,A
2056,A
10091,A
2058,A
17156,A
10096,A
2042,A
16985,A
2105,A
6976,A
10160,A
2154,A
17025,A
6943,A
10162,A
2160,A
17020,A
6938,A
17015,A
2166,A
6936,A
17010,A
10167,A
10172,A
2173,A
17005,A
6930,A
17000,A
10174,A
2180,A
6924,A
2183,A
16995,A
10179,A
16990,A
2189,A
10186,A
17030,A
6949,A
17035,A
10155,A
17077,A
2111,A
10131,A
17070,A
6969,A
2117,A
10136,A
17064,A
17063,A
10138,A
2123,A
17061,A
17060,A
17085,A
6964,A
17057,A
2130,A
10143,A
17052,A
17051,A
17050,A
2137,A
6957,A
17045,A
10148,A
10150,A
2144,A
17040,A
17058,A
16750,A
16745,A
10351,A
10539,A
2610,A
6603,A
16475,A
16470,A
10544,A
2617,A
6596,A
16465,A
10549,A
16460,A
2625,A
10554,A
6590,A
16455,A
2631,A
10556,A
16450,A
10562,A
6582,A
2637,A
16445,A
16440,A
6577,A
2643,A
6575,A
16435,A
16480,A
10537,A
2604,A
2602,A
16525,A
6634,A
16520,A
2568,A
10510,A
16515,A
10512,A
6628,A
2574,A
16510,A
10517,A
6623,A
2580,A
16430,A
16505,A
16500,A
2587,A
10522,A
16495,A
6616,A
2593,A
10524,A
2595,A
16490,A
10532,A
16485,A
6610,A
2601,A
6621,A
2562,A
2651,A
10579,A
10628,A
2701,A
10630,A
16365,A
10635,A
2707,A
6527,A
16360,A
10640,A
2713,A
6521,A
2715,A
16355,A
16350,A
6518,A
2721,A
6517,A
16345,A
10645,A
2727,A
6512,A
16340,A
10650,A
16335,A
6509,A
2734,A
16330,A
16370,A
6535,A
2696,A
16375,A
16425,A
10580,A
2657,A
16420,A
10593,A
6563,A
16415,A
6562,A
2666,A
16410,A
10594,A
16405,A
10599,A
10578,A
2673,A
16400,A
6550,A
16395,A
10608,A
2682,A
16390,A
10613,A
6543,A
16385,A
2688,A
10618,A
16380,A
10626,A
10605,A
10505,A
10503,A
16530,A
2426,A
16695,A
10387,A
16690,A
10392,A
2434,A
10394,A
16685,A
6732,A
2440,A
16680,A
10399,A
6726,A
16665,A
2447,A
10404,A
16660,A
10406,A
4906,A
16655,A
10411,A
16650,A
10416,A
6713,A
2460,A
2462,A
16645,A
6740,A
16700,A
2421,A
2420,A
2380,A
10356,A
16740,A
6770,A
2387,A
10358,A
2389,A
16735,A
6764,A
2394,A
16730,A
10363,A
16725,A
10421,A
10368,A
2402,A
10370,A
6756,A
16720,A
10375,A
2409,A
16715,A
6749,A
16710,A
10380,A
16705,A
10382,A
6743,A
2400,A
16640,A
10423,A
2469,A
10472,A
2518,A
16580,A
10474,A
16575,A
6665,A
16570,A
10479,A
16565,A
10484,A
2531,A
10486,A
16560,A
16585,A
6657,A
10491,A
2540,A
16550,A
6651,A
16545,A
10493,A
6647,A
2549,A
16540,A
10498,A
16535,A
6641,A
2556,A
16555,A
15418,A
6672,A
2511,A
16635,A
2472,A
10428,A
16630,A
10433,A
6700,A
2479,A
16625,A
10436,A
16620,A
10441,A
6692,A
2487,A
16590,A
16615,A
2494,A
10458,A
16605,A
6685,A
16600,A
10459,A
10460,A
2502,A
2504,A
10462,A
16595,A
6678,A
10467,A
16610,A
5966,A
3462,A
15412,A
11913,A
4410,A
11917,A
13972,A
5304,A
13965,A
4416,A
13958,A
13951,A
11921,A
13944,A
5299,A
4425,A
13923,A
11925,A
5292,A
13895,A
11929,A
13888,A
4435,A
11933,A
5285,A
13867,A
4441,A
11937,A
13860,A
11941,A
13986,A
5310,A
4404,A
5313,A
5351,A
14147,A
11879,A
4364,A
11883,A
11887,A
5339,A
4370,A
14112,A
14105,A
14098,A
11889,A
4376,A
13846,A
4378,A
5333,A
11895,A
4384,A
5327,A
14049,A
11899,A
4390,A
14035,A
11901,A
11905,A
5319,A
4397,A
11909,A
11891,A
4357,A
5278,A
13839,A
13692,A
13678,A
11999,A
5229,A
4505,A
13664,A
12005,A
13650,A
4511,A
12011,A
13636,A
12017,A
13629,A
5220,A
4519,A
13622,A
13615,A
12023,A
4524,A
13608,A
5213,A
12029,A
12035,A
4533,A
5206,A
13573,A
5205,A
4497,A
5236,A
11993,A
11987,A
13832,A
11945,A
11949,A
4457,A
5269,A
4459,A
11953,A
5263,A
4465,A
13797,A
11957,A
13790,A
11963,A
4449,A
4471,A
5256,A
11969,A
4478,A
11975,A
13748,A
5249,A
4484,A
13734,A
11981,A
13720,A
5243,A
13713,A
4492,A
13783,A
4538,A
5352,A
5353,A
5435,A
14458,A
11823,A
4234,A
14452,A
11827,A
5429,A
4240,A
14446,A
11829,A
14440,A
8505,A
11831,A
5423,A
14434,A
5421,A
14427,A
4255,A
11835,A
14420,A
11839,A
14413,A
4262,A
5412,A
4265,A
14406,A
11841,A
14464,A
11819,A
14470,A
4224,A
14529,A
11803,A
14523,A
5464,A
14517,A
11805,A
14511,A
11809,A
4196,A
4197,A
5457,A
14505,A
5455,A
14399,A
14499,A
14494,A
5450,A
14488,A
4210,A
5448,A
14482,A
11815,A
4216,A
11817,A
4218,A
5443,A
14476,A
5441,A
11813,A
4355,A
11843,A
14392,A
5373,A
14266,A
11869,A
4326,A
11871,A
14245,A
5367,A
14231,A
5366,A
5365,A
4334,A
14224,A
14217,A
5364,A
5363,A
4340,A
4342,A
11875,A
5357,A
14189,A
5356,A
4348,A
14182,A
5355,A
14175,A
14168,A
5354,A
11867,A
14280,A
4317,A
11863,A
5406,A
14385,A
11845,A
4278,A
14378,A
11847,A
14371,A
4284,A
11849,A
5399,A
14364,A
4289,A
5397,A
4272,A
5394,A
11851,A
4297,A
14336,A
11855,A
14329,A
4303,A
5387,A
14322,A
11857,A
4308,A
11859,A
14301,A
5381,A
14343,A
13566,A
12041,A
5200,A
12785,A
12777,A
12287,A
12293,A
12299,A
12305,A
4989,A
4794,A
12311,A
12729,A
12317,A
4799,A
12721,A
12713,A
12705,A
12697,A
4981,A
12681,A
4808,A
12673,A
12323,A
12665,A
12657,A
12649,A
4815,A
12329,A
12641,A
4780,A
5005,A
12793,A
12801,A
12233,A
12929,A
12239,A
5038,A
4739,A
12913,A
12905,A
5036,A
12897,A
4746,A
12245,A
12881,A
5029,A
4975,A
4752,A
12857,A
12257,A
4759,A
5022,A
12263,A
5016,A
4766,A
12269,A
4768,A
5011,A
12275,A
4774,A
12281,A
12251,A
4732,A
12633,A
12625,A
12383,A
4870,A
12389,A
12467,A
4933,A
12461,A
12395,A
12455,A
4880,A
12401,A
4882,A
4927,A
12449,A
12407,A
4889,A
4920,A
4891,A
12443,A
12413,A
4896,A
12437,A
12419,A
4914,A
4900,A
4913,A
12431,A
12425,A
12473,A
12481,A
12489,A
4863,A
12335,A
12609,A
12341,A
4828,A
4967,A
4830,A
12593,A
12585,A
12347,A
4836,A
12577,A
12353,A
4958,A
4822,A
12359,A
12553,A
12545,A
12365,A
4951,A
4850,A
12529,A
12371,A
4856,A
12513,A
12505,A
12377,A
12497,A
4941,A
4844,A
5044,A
12945,A
12953,A
4594,A
4596,A
12095,A
13377,A
13370,A
12101,A
4602,A
5149,A
4604,A
12107,A
5143,A
4610,A
13349,A
13342,A
12113,A
5138,A
4617,A
5135,A
13313,A
12119,A
4623,A
13305,A
5130,A
5128,A
4630,A
12125,A
4632,A
12089,A
5158,A
13398,A
12083,A
4544,A
5198,A
12047,A
13538,A
5192,A
4551,A
5189,A
13517,A
12053,A
4558,A
13510,A
13503,A
13496,A
12131,A
12059,A
5179,A
4569,A
12065,A
4572,A
5175,A
12071,A
5170,A
4578,A
12077,A
13426,A
5163,A
4585,A
13419,A
5182,A
5121,A
4638,A
12137,A
4688,A
13081,A
13073,A
13065,A
12185,A
4695,A
12191,A
13049,A
13041,A
12197,A
4701,A
5069,A
12203,A
5078,A
5063,A
13009,A
13001,A
12209,A
12215,A
4715,A
5056,A
4717,A
12969,A
12221,A
4723,A
5050,A
4726,A
12227,A
4709,A
4183,A
13089,A
5083,A
12143,A
13249,A
5114,A
4644,A
13241,A
13233,A
12149,A
4650,A
13217,A
13209,A
5107,A
4655,A
13201,A
12179,A
12155,A
5101,A
13169,A
4664,A
13161,A
5098,A
5095,A
4671,A
12167,A
5090,A
13129,A
5088,A
12173,A
4681,A
12161,A
17226,A
11801,A
5471,A
5750,A
15064,A
11575,A
15060,A
5747,A
15056,A
11577,A
3727,A
11581,A
15052,A
5741,A
3732,A
15048,A
11585,A
15044,A
5735,A
3740,A
11589,A
15040,A
5729,A
15036,A
5727,A
15032,A
15028,A
11593,A
5721,A
3755,A
3715,A
11573,A
15068,A
15072,A
5787,A
3671,A
5785,A
15104,A
3677,A
11531,A
15100,A
11549,A
15096,A
5776,A
15092,A
3687,A
11553,A
15024,A
15088,A
3693,A
11557,A
15084,A
11561,A
5764,A
3699,A
15080,A
15076,A
11565,A
11569,A
3707,A
5756,A
3709,A
5770,A
15108,A
11597,A
3761,A
14963,A
5681,A
3810,A
14962,A
14961,A
14960,A
14959,A
14958,A
3817,A
5678,A
3819,A
14957,A
14956,A
14955,A
14954,A
3825,A
14953,A
14952,A
14951,A
14950,A
11633,A
3831,A
14949,A
14948,A
14947,A
14946,A
3837,A
14964,A
14965,A
3804,A
11629,A
11601,A
5715,A
15016,A
11605,A
3768,A
15012,A
5708,A
15008,A
3774,A
11609,A
15004,A
11613,A
5702,A
15020,A
3781,A
11617,A
14997,A
3787,A
5695,A
14987,A
5693,A
14982,A
11621,A
3796,A
11625,A
14976,A
5687,A
14970,A
15000,A
14945,A
15112,A
5792,A
11332,A
3524,A
11335,A
5896,A
3529,A
11340,A
11345,A
11350,A
3536,A
15224,A
11355,A
15220,A
5882,A
3542,A
11360,A
15216,A
11365,A
15212,A
5875,A
3550,A
15208,A
11370,A
3556,A
11375,A
3558,A
15204,A
11380,A
5905,A
3518,A
5908,A
11328,A
11268,A
11273,A
3468,A
5959,A
3470,A
11278,A
5953,A
3476,A
11283,A
11288,A
3482,A
5944,A
11293,A
5863,A
11298,A
5937,A
11303,A
11308,A
5930,A
3497,A
11313,A
5925,A
5922,A
3504,A
11318,A
5915,A
11323,A
3512,A
3488,A
3664,A
3564,A
11385,A
3615,A
15156,A
5822,A
15152,A
3621,A
11424,A
11425,A
15148,A
5815,A
3627,A
15144,A
11436,A
5812,A
3633,A
15140,A
15136,A
3639,A
11465,A
3642,A
5804,A
15132,A
3648,A
15128,A
15124,A
3657,A
15120,A
15116,A
11421,A
15160,A
5828,A
11418,A
15196,A
11390,A
5857,A
3572,A
15192,A
15188,A
3578,A
11395,A
5851,A
15184,A
5848,A
3585,A
15180,A
15200,A
11400,A
15176,A
5842,A
3593,A
11405,A
15172,A
11410,A
3599,A
5835,A
3601,A
15168,A
11414,A
3607,A
15164,A
3590,A
14944,A
14943,A
14942,A
11735,A
4050,A
14716,A
5556,A
14710,A
11737,A
4057,A
14704,A
11739,A
5550,A
14698,A
5548,A
4065,A
14692,A
11743,A
11745,A
4071,A
14686,A
5542,A
14680,A
5540,A
4077,A
4079,A
11747,A
14674,A
5534,A
4085,A
11731,A
14722,A
5562,A
14728,A
11713,A
14782,A
11715,A
4006,A
5584,A
14776,A
11717,A
4012,A
14770,A
11719,A
5578,A
4018,A
14764,A
4087,A
11721,A
11723,A
4025,A
14752,A
11725,A
5571,A
14746,A
4033,A
11727,A
14740,A
11729,A
14734,A
5565,A
4042,A
14758,A
14788,A
11751,A
11753,A
5499,A
14589,A
11777,A
4144,A
14583,A
11779,A
14577,A
5491,A
4151,A
11783,A
14571,A
11785,A
14565,A
11787,A
4159,A
5484,A
14559,A
14553,A
11791,A
4167,A
5478,A
4169,A
14547,A
11793,A
11797,A
4175,A
14541,A
14595,A
4135,A
5501,A
11775,A
4093,A
14662,A
5528,A
14656,A
11755,A
14650,A
11757,A
14644,A
11761,A
4106,A
5519,A
14638,A
11763,A
14668,A
14632,A
11765,A
14626,A
5512,A
11769,A
4120,A
14620,A
11771,A
14614,A
5506,A
4128,A
14607,A
11773,A
14601,A
4113,A
5590,A
3998,A
14794,A
14918,A
14917,A
14916,A
14915,A
11641,A
3882,A
14914,A
14913,A
14912,A
14911,A
3888,A
14910,A
14909,A
14908,A
14907,A
5664,A
3894,A
14906,A
14905,A
14904,A
14903,A
3900,A
11645,A
3902,A
14902,A
14901,A
14900,A
3876,A
14919,A
14920,A
14921,A
11637,A
3843,A
5672,A
3845,A
14941,A
14940,A
14939,A
14938,A
3851,A
14937,A
14936,A
14935,A
14934,A
14899,A
14933,A
14931,A
14930,A
14929,A
5670,A
3862,A
14928,A
14927,A
14926,A
14925,A
3868,A
14924,A
14923,A
14922,A
14932,A
3908,A
5658,A
3910,A
14851,A
11677,A
14846,A
11681,A
3962,A
5619,A
14841,A
11685,A
14836,A
3969,A
11689,A
14830,A
5612,A
3953,A
14824,A
3977,A
11697,A
14818,A
5605,A
3984,A
14812,A
11701,A
14806,A
11705,A
3990,A
5597,A
14800,A
11709,A
11693,A
14535,A
5629,A
11673,A
14898,A
14897,A
14896,A
14895,A
14894,A
3917,A
11649,A
14891,A
11653,A
3923,A
5651,A
14885,A
11657,A
14856,A
3929,A
11661,A
14875,A
5642,A
3935,A
11665,A
14870,A
5637,A
3942,A
14866,A
5635,A
11669,A
3947,A
14861,A
14880,A
10065,A
2453,A
2017,A
881,A
19213,A
7883,A
19207,A
9191,A
7880,A
890,A
19199,A
9198,A
19191,A
7875,A
898,A
19185,A
9203,A
7870,A
19177,A
904,A
7868,A
19171,A
9209,A
19163,A
19162,A
7862,A
914,A
19142,A
9187,A
19229,A
7888,A
19246,A
7917,A
19323,A
841,A
7914,A
19315,A
9157,A
847,A
19307,A
19306,A
7909,A
19298,A
9165,A
9216,A
855,A
7903,A
19273,A
9172,A
863,A
9177,A
865,A
7896,A
19264,A
19259,A
9183,A
7890,A
874,A
19290,A
19126,A
9221,A
921,A
966,A
9264,A
18975,A
7818,A
973,A
18971,A
9271,A
18968,A
9278,A
7812,A
980,A
18962,A
964,A
9280,A
18956,A
18955,A
9285,A
9292,A
992,A
18939,A
9294,A
18926,A
7799,A
999,A
18913,A
9299,A
986,A
9148,A
7825,A
7827,A
7855,A
19110,A
9234,A
928,A
19102,A
7849,A
19098,A
9241,A
7844,A
936,A
19093,A
19088,A
18978,A
9247,A
943,A
19080,A
7837,A
949,A
19072,A
9252,A
7832,A
19062,A
18984,A
956,A
9257,A
18981,A
7839,A
835,A
19338,A
9142,A
19732,A
9049,A
8010,A
19717,A
715,A
8008,A
8007,A
19702,A
8006,A
721,A
9051,A
19687,A
9044,A
9056,A
9058,A
730,A
19657,A
732,A
9063,A
19642,A
7993,A
19627,A
9068,A
740,A
9073,A
19612,A
19672,A
7986,A
707,A
8017,A
19882,A
668,A
9012,A
671,A
8041,A
19867,A
9014,A
19852,A
678,A
9019,A
8034,A
19837,A
19747,A
9025,A
19822,A
8028,A
19807,A
9032,A
19792,A
694,A
9034,A
8022,A
19777,A
9039,A
701,A
19762,A
685,A
7794,A
747,A
9078,A
7952,A
19439,A
19429,A
9110,A
7946,A
801,A
19421,A
9116,A
19405,A
7941,A
808,A
810,A
792,A
9121,A
7936,A
19385,A
7934,A
818,A
19370,A
9129,A
19362,A
7928,A
825,A
827,A
9136,A
19346,A
19393,A
19597,A
9105,A
9103,A
19582,A
7980,A
754,A
7978,A
19567,A
7976,A
19552,A
9086,A
19537,A
764,A
9088,A
19531,A
19457,A
7969,A
771,A
19513,A
7964,A
19505,A
7962,A
778,A
19488,A
19480,A
9098,A
7957,A
785,A
19465,A
9093,A
9007,A
1005,A
7792,A
18381,A
9478,A
1224,A
9480,A
18375,A
7629,A
1230,A
18369,A
9485,A
7624,A
18363,A
7622,A
18357,A
1241,A
9490,A
1244,A
18345,A
9492,A
7616,A
18339,A
1251,A
9497,A
18335,A
7611,A
18331,A
18387,A
1218,A
7637,A
9473,A
1178,A
18452,A
9437,A
18449,A
1184,A
9442,A
18446,A
9447,A
9453,A
1191,A
18443,A
7655,A
9499,A
18440,A
18428,A
9460,A
18420,A
7649,A
1204,A
18412,A
9462,A
18404,A
7643,A
1211,A
9467,A
18392,A
9455,A
7606,A
1260,A
18327,A
9532,A
18272,A
9538,A
7568,A
18267,A
1315,A
9543,A
18263,A
7563,A
18259,A
7561,A
1322,A
1306,A
18255,A
1328,A
9555,A
18250,A
7553,A
18245,A
9560,A
18241,A
1338,A
7547,A
18237,A
9562,A
7544,A
9550,A
7668,A
18277,A
18281,A
18321,A
9504,A
1266,A
7601,A
18316,A
7599,A
1273,A
18311,A
9506,A
18307,A
9511,A
7593,A
7575,A
18303,A
9516,A
18299,A
7587,A
18294,A
9520,A
18289,A
7582,A
1293,A
18285,A
9525,A
7577,A
1300,A
1282,A
7670,A
18455,A
9432,A
18803,A
18797,A
9336,A
1055,A
1057,A
7755,A
18790,A
9338,A
1063,A
9343,A
18785,A
7749,A
1049,A
18780,A
1071,A
18776,A
9350,A
7741,A
18769,A
18763,A
9357,A
1081,A
7735,A
18757,A
9362,A
18750,A
9345,A
1089,A
7761,A
9331,A
17228,A
18888,A
9304,A
1013,A
18876,A
7786,A
18865,A
7784,A
1019,A
9309,A
18853,A
9312,A
1047,A
1026,A
9318,A
7775,A
18830,A
9324,A
1034,A
18826,A
7770,A
18815,A
7768,A
1041,A
18809,A
9326,A
18841,A
18901,A
9369,A
18743,A
18657,A
18656,A
9413,A
18639,A
7695,A
1141,A
18627,A
9418,A
18615,A
7689,A
1150,A
9420,A
1134,A
1152,A
9425,A
7683,A
18591,A
7681,A
1160,A
18578,A
1164,A
9430,A
7675,A
1168,A
18565,A
1171,A
18603,A
7728,A
9408,A
18659,A
9375,A
1096,A
18735,A
7722,A
18729,A
1102,A
9381,A
18721,A
9388,A
7715,A
7714,A
1109,A
18658,A
18709,A
9393,A
18697,A
9401,A
7707,A
1119,A
18685,A
9403,A
18673,A
7702,A
1128,A
18661,A
18660,A
1112,A
18233,A
19894,A
19896,A
20479,A
20478,A
20477,A
8668,A
8348,A
220,A
20470,A
8675,A
20464,A
8341,A
20451,A
230,A
8678,A
20435,A
8685,A
8335,A
20423,A
238,A
8692,A
20407,A
8329,A
20397,A
246,A
8698,A
20387,A
214,A
8663,A
20484,A
208,A
20712,A
8630,A
8631,A
8380,A
20706,A
8378,A
179,A
20598,A
8638,A
20582,A
8372,A
187,A
8702,A
20567,A
8367,A
20546,A
194,A
8651,A
20530,A
8653,A
8361,A
201,A
20515,A
20500,A
8658,A
8355,A
8645,A
8706,A
253,A
20377,A
20351,A
8722,A
291,A
20350,A
8305,A
8727,A
8745,A
299,A
8299,A
301,A
8750,A
8293,A
20352,A
308,A
8762,A
8284,A
8769,A
8279,A
318,A
8277,A
8774,A
8776,A
8272,A
327,A
8270,A
8781,A
8756,A
8384,A
20353,A
20355,A
8707,A
8708,A
20370,A
20369,A
8317,A
260,A
262,A
20368,A
20367,A
20366,A
20365,A
268,A
20354,A
20364,A
20362,A
20361,A
20360,A
20359,A
8716,A
276,A
8311,A
278,A
20358,A
20357,A
20356,A
284,A
20363,A
169,A
8623,A
20724,A
8474,A
46,A
20988,A
8544,A
20981,A
8546,A
8468,A
54,A
20974,A
8466,A
8551,A
61,A
20996,A
20966,A
20958,A
8458,A
68,A
70,A
8557,A
20949,A
8452,A
20940,A
77,A
8562,A
20928,A
8447,A
8461,A
20918,A
8476,A
39,A
1,A
8504,A
8503,A
21044,A
7,A
21034,A
8510,A
21029,A
8512,A
15,A
21027,A
8517,A
21001,A
21021,A
23,A
21016,A
8488,A
21011,A
8524,A
30,A
8534,A
32,A
8482,A
21006,A
8539,A
38,A
8519,A
8265,A
8567,A
8442,A
20836,A
8412,A
8596,A
135,A
20819,A
8407,A
20802,A
8602,A
142,A
8603,A
20787,A
8604,A
8591,A
8402,A
20773,A
8400,A
20760,A
8609,A
155,A
8395,A
157,A
20748,A
8393,A
163,A
20736,A
8617,A
148,A
85,A
20850,A
8417,A
20909,A
8440,A
91,A
20899,A
8572,A
8574,A
97,A
8435,A
99,A
20890,A
20880,A
8576,A
126,A
8430,A
20874,A
8581,A
20869,A
8425,A
113,A
8423,A
20864,A
8588,A
120,A
8589,A
20858,A
20857,A
106,A
8048,A
334,A
20317,A
543,A
20099,A
8925,A
20089,A
8930,A
8122,A
551,A
20076,A
20075,A
20070,A
8932,A
8938,A
560,A
20065,A
8940,A
20060,A
566,A
8946,A
568,A
8110,A
8109,A
20050,A
20040,A
8951,A
576,A
8128,A
20105,A
8923,A
20118,A
20177,A
501,A
8159,A
20172,A
8898,A
20167,A
8154,A
20162,A
8901,A
512,A
8906,A
20157,A
8953,A
8147,A
520,A
8908,A
8143,A
20148,A
20143,A
20142,A
8913,A
8139,A
20138,A
533,A
8918,A
8133,A
20152,A
20028,A
8102,A
582,A
19931,A
8993,A
629,A
631,A
19929,A
8995,A
19927,A
8064,A
637,A
19925,A
8062,A
19923,A
8069,A
19921,A
9000,A
646,A
19918,A
8057,A
19916,A
8055,A
652,A
19914,A
8054,A
19904,A
9002,A
660,A
19920,A
8892,A
19933,A
621,A
20016,A
8958,A
8097,A
20007,A
19998,A
8964,A
8092,A
19990,A
8089,A
596,A
19982,A
8969,A
622,A
19974,A
605,A
19966,A
8081,A
19955,A
8977,A
611,A
8979,A
19945,A
8074,A
618,A
19935,A
8984,A
8971,A
20182,A
8164,A
494,A
390,A
8205,A
393,A
20276,A
20275,A
20274,A
20273,A
20272,A
20271,A
401,A
402,A
20270,A
8853,A
20269,A
20267,A
20266,A
20265,A
8855,A
410,A
20264,A
20263,A
20262,A
20261,A
20260,A
20259,A
20258,A
20268,A
419,A
20278,A
384,A
8260,A
340,A
8258,A
8792,A
346,A
8251,A
8798,A
8805,A
8245,A
8810,A
8239,A
357,A
8847,A
8816,A
20298,A
8821,A
8823,A
8226,A
370,A
8828,A
8223,A
8834,A
377,A
8218,A
8842,A
8211,A
8234,A
8787,A
8860,A
20257,A
8192,A
458,A
8190,A
460,A
20227,A
8867,A
20221,A
8869,A
8184,A
468,A
20215,A
8874,A
20233,A
20210,A
476,A
8178,A
478,A
20205,A
8881,A
20199,A
8173,A
486,A
8171,A
20194,A
20189,A
8887,A
8876,A
421,A
20234,A
8862,A
20256,A
20255,A
20254,A
20253,A
20252,A
8198,A
429,A
20251,A
20250,A
20249,A
20248,A
20247,A
452,A
20246,A
20245,A
20244,A
20243,A
20242,A
20241,A
444,A
20240,A
20239,A
20238,A
20237,A
20236,A
20235,A
437,A
18228,A
4908,A
9567,A
17754,A
1790,A
9976,A
9798,A
18031,A
7204,A
17744,A
17403,A
9686,A
9896,A
9981,A
18042,A
9800,A
7304,A
1908,A
17397,A
7419,A
9805,A
1784,A
9984,A
18052,A
17389,A
9681,A
1634,A
7422,A
1643,A
1485,A
7115,A
17562,A
18047,A
17734,A
7207,A
17724,A
1494,A
9688,A
9903,A
1800,A
1511,A
9705,A
1621,A
17783,A
1892,A
17991,A
7198,A
7127,A
17548,A
17773,A
7405,A
17998,A
17416,A
9788,A
1504,A
7412,A
17408,A
18020,A
9793,A
1900,A
17553,A
17557,A
18009,A
1898,A
7312,A
9693,A
7407,A
17761,A
9898,A
1630,A
7128,A
9889,A
17722,A
17715,A
7290,A
1928,A
1929,A
18085,A
9667,A
9884,A
17712,A
9998,A
1457,A
9817,A
17575,A
9662,A
17357,A
18090,A
10000,A
1667,A
17704,A
1446,A
17705,A
17352,A
18101,A
1771,A
9669,A
7096,A
9882,A
9658,A
7446,A
18096,A
1935,A
7285,A
17706,A
17381,A
1927,A
7213,A
1478,A
9986,A
7297,A
7427,A
7109,A
18057,A
9676,A
17566,A
1651,A
17720,A
18063,A
17367,A
9810,A
1471,A
1654,A
9991,A
7167,A
18079,A
7436,A
1660,A
7103,A
7435,A
18074,A
17571,A
9812,A
9993,A
17362,A
17717,A
18068,A
17718,A
9674,A
1778,A
7399,A
17979,A
7129,A
17857,A
1559,A
7159,A
17913,A
9764,A
17488,A
17914,A
17466,A
7365,A
7175,A
7366,A
1595,A
1826,A
1553,A
1853,A
9766,A
9733,A
7373,A
17500,A
1546,A
7334,A
9927,A
17494,A
9932,A
17922,A
7335,A
17845,A
9731,A
17460,A
1597,A
9945,A
7154,A
9726,A
9738,A
17471,A
17479,A
1581,A
7350,A
17888,A
1839,A
9750,A
17899,A
1574,A
7169,A
9745,A
17900,A
17878,A
17476,A
9757,A
17484,A
17868,A
17475,A
7161,A
17910,A
9938,A
17909,A
9743,A
1589,A
7341,A
7359,A
1845,A
1566,A
9759,A
9940,A
1568,A
7357,A
1833,A
17834,A
7180,A
17928,A
9712,A
17944,A
9776,A
1876,A
7139,A
1614,A
17441,A
1808,A
1523,A
9908,A
9964,A
9778,A
7392,A
17956,A
17436,A
17539,A
9969,A
17423,A
7318,A
7130,A
9971,A
17430,A
9783,A
9962,A
1885,A
9710,A
1517,A
17967,A
7394,A
7193,A
17793,A
17544,A
17804,A
17445,A
17535,A
9920,A
9722,A
1817,A
17933,A
17454,A
7379,A
9950,A
17504,A
7332,A
17456,A
1540,A
7152,A
1859,A
7333,A
17824,A
7283,A
1606,A
17639,A
9961,A
9915,A
9771,A
17814,A
17941,A
9717,A
17937,A
1531,A
7186,A
7385,A
17449,A
17509,A
7146,A
1865,A
1870,A
17342,A
7431,A
7452,A
18214,A
17633,A
18167,A
1404,A
17296,A
9834,A
7252,A
7497,A
9870,A
17664,A
7046,A
9579,A
17598,A
7068,A
7265,A
1698,A
7499,A
1365,A
18173,A
17250,A
1976,A
17647,A
9610,A
7233,A
18179,A
7070,A
10035,A
17304,A
7241,A
9623,A
18151,A
9851,A
17312,A
17645,A
2008,A
9829,A
7227,A
7271,A
9875,A
1413,A
7491,A
7532,A
10030,A
17635,A
18217,A
10056,A
1755,A
18156,A
9620,A
1969,A
17672,A
1720,A
18162,A
9615,A
17246,A
17679,A
7504,A
9584,A
9586,A
1714,A
1998,A
1997,A
17632,A
17272,A
18204,A
1383,A
9598,A
10042,A
9844,A
1381,A
1991,A
17653,A
18198,A
17631,A
9591,A
7053,A
17629,A
18201,A
9863,A
7516,A
9846,A
17650,A
10047,A
1706,A
17623,A
1371,A
9865,A
18209,A
17660,A
18184,A
17288,A
10051,A
17254,A
9605,A
9839,A
17648,A
1391,A
7524,A
10037,A
17649,A
18190,A
17280,A
7062,A
1748,A
7509,A
1983,A
17656,A
1740,A
7060,A
7259,A
18195,A
17276,A
9603,A
17591,A
1692,A
1358,A
9639,A
1951,A
18129,A
17584,A
17693,A
7222,A
7083,A
9877,A
1953,A
17637,A
1682,A
18223,A
7464,A
17332,A
1726,A
9634,A
7276,A
10063,A
10022,A
10023,A
18134,A
7278,A
1351,A
18123,A
10005,A
7090,A
18107,A
7247,A
9651,A
1943,A
17641,A
17340,A
1440,A
1674,A
17580,A
9646,A
7220,A
7038,A
18112,A
17336,A
9822,A
17699,A
7458,A
7537,A
7085,A
9853,A
1426,A
17238,A
17264,A
9632,A
17589,A
17643,A
18220,A
9572,A
17322,A
9827,A
18140,A
1733,A
18145,A
1762,A
1959,A
7470,A
17320,A
1420,A
10058,A
9574,A
7076,A
10025,A
9858,A
17689,A
11466,AA
11467,AB
11468,AC
11469,AD
11470,AE
11471,AF
11472,AG
11473,AH
11474,AI
11475,AJ
11478,AP
11437,AP
11477,AP
11479,AP
11476,AP
11438,AP
10381,B
5511,B
8931,B
8945,B
6842,B
8217,B
5338,B
11876,B
10263,B
8929,B
11870,B
7174,B
9926,B
8210,B
10282,B
8852,B
5527,B
8820,B
5350,B
7246,B
11868,B
11884,B
6742,B
8225,B
5533,B
10379,B
6739,B
8127,B
11890,B
9937,B
8833,B
5372,B
8233,B
11762,B
11756,B
7168,B
8841,B
10386,B
8846,B
7179,B
11752,B
10275,B
9862,B
5362,B
8204,B
11758,B
10265,B
6848,B
5518,B
9857,B
8937,B
10270,B
11754,B
9931,B
11770,B
8822,B
10258,B
8222,B
11766,B
8121,B
5349,B
5361,B
8827,B
6748,B
11872,B
7240,B
8939,B
8854,B
6836,B
11888,B
11880,B
11764,B
5498,B
6830,B
6793,B
8189,B
8900,B
11798,B
5428,B
9876,B
6769,B
10330,B
5470,B
11824,B
9888,B
8158,B
10335,B
5434,B
8868,B
11828,B
9895,B
11830,B
10323,B
7206,B
11832,B
11792,B
8905,B
5420,B
10328,B
5422,B
8866,B
7226,B
5477,B
10357,B
8191,B
8153,B
11794,B
7212,B
11788,B
8183,B
10355,B
11816,B
6784,B
8880,B
5447,B
8886,B
5456,B
8891,B
10343,B
8170,B
7219,B
8172,B
5454,B
11814,B
10345,B
5449,B
8177,B
11810,B
9883,B
11820,B
8897,B
8873,B
11818,B
11804,B
5463,B
8163,B
10350,B
5440,B
11806,B
8875,B
5442,B
6777,B
7221,B
6786,B
11802,B
9919,B
5483,B
8907,B
8132,B
11856,B
6821,B
9869,B
11852,B
5500,B
9864,B
7192,B
5393,B
11850,B
5396,B
8917,B
9907,B
9881,B
10297,B
11774,B
8859,B
8922,B
7185,B
11864,B
5380,B
6828,B
11772,B
8924,B
11860,B
5505,B
10287,B
11858,B
5386,B
10374,B
10295,B
6755,B
9914,B
8138,B
11836,B
11776,B
5398,B
11784,B
9874,B
11842,B
9897,B
6763,B
8861,B
11844,B
10314,B
5411,B
11786,B
8146,B
11840,B
10318,B
10362,B
7203,B
6807,B
9902,B
5405,B
6815,B
10302,B
11778,B
7232,B
11848,B
7197,B
11780,B
10367,B
8912,B
6810,B
11846,B
5490,B
8142,B
8197,B
10307,B
10369,B
6856,B
6887,B
5332,B
8587,B
10024,B
10125,B
12234,B
5043,B
8590,B
7082,B
12228,B
8416,B
6975,B
5049,B
8595,B
12222,B
10130,B
12216,B
5055,B
8411,B
7084,B
10135,B
12210,B
8601,B
8422,B
10021,B
5037,B
8424,B
5010,B
10116,B
12270,B
10034,B
8434,B
5015,B
8575,B
12264,B
10029,B
5021,B
10118,B
12258,B
7075,B
12252,B
8429,B
5028,B
8580,B
12246,B
6982,B
12240,B
5035,B
10123,B
6968,B
8406,B
5062,B
5094,B
8622,B
5097,B
10147,B
12162,B
9997,B
5100,B
6956,B
8629,B
12156,B
10149,B
5106,B
7102,B
8379,B
12150,B
10154,B
8377,B
12144,B
5113,B
8637,B
9992,B
9999,B
12168,B
8616,B
5089,B
12204,B
10020,B
12198,B
5068,B
7089,B
10137,B
8401,B
12192,B
12186,B
8399,B
12276,B
10004,B
8608,B
7095,B
12180,B
6963,B
5082,B
8394,B
10142,B
12174,B
5087,B
8392,B
5077,B
6948,B
6988,B
8439,B
7023,B
12390,B
7045,B
8487,B
12384,B
10076,B
8533,B
4940,B
10078,B
10055,B
12378,B
8481,B
8538,B
10050,B
12372,B
7016,B
12366,B
4950,B
10083,B
8475,B
7052,B
8523,B
12360,B
4932,B
12396,B
10064,B
12420,B
4912,B
7037,B
7032,B
8502,B
8501,B
8500,B
12414,B
4919,B
8509,B
7030,B
10069,B
8511,B
12408,B
10062,B
12402,B
4926,B
10074,B
8516,B
10057,B
8518,B
10085,B
8473,B
4957,B
10100,B
8451,B
10036,B
12318,B
8566,B
10105,B
12312,B
8446,B
4988,B
6995,B
12306,B
7067,B
12300,B
8571,B
12294,B
12288,B
10110,B
8441,B
12282,B
7069,B
5004,B
7001,B
8561,B
4980,B
8556,B
8543,B
12354,B
12348,B
8545,B
7009,B
10090,B
10046,B
12342,B
4966,B
8467,B
8573,B
8465,B
8550,B
10095,B
10041,B
12330,B
4974,B
7059,B
8460,B
7061,B
12324,B
8457,B
12336,B
11892,B
8371,B
8644,B
7151,B
11958,B
8298,B
8749,B
5262,B
11954,B
8292,B
5268,B
8755,B
6879,B
7153,B
11950,B
8761,B
11946,B
10229,B
8768,B
11942,B
8283,B
5277,B
10234,B
8773,B
10224,B
11938,B
11964,B
5255,B
9963,B
12000,B
6895,B
11994,B
5235,B
10212,B
8310,B
8721,B
11988,B
9960,B
5242,B
9959,B
10217,B
11982,B
7145,B
11976,B
5248,B
8726,B
10222,B
8304,B
11970,B
8744,B
9949,B
8278,B
5284,B
8791,B
5309,B
8797,B
5312,B
11910,B
8250,B
11906,B
5318,B
6861,B
8804,B
11902,B
9939,B
11900,B
8244,B
8809,B
7166,B
5326,B
10253,B
11896,B
8238,B
8815,B
11914,B
8257,B
10246,B
6864,B
8276,B
11934,B
8775,B
7158,B
11930,B
6872,B
8271,B
10236,B
5291,B
11926,B
6897,B
8269,B
11922,B
5298,B
7160,B
8264,B
10241,B
8786,B
11918,B
5303,B
9944,B
8259,B
8780,B
12138,B
5228,B
10210,B
12102,B
5148,B
8354,B
8662,B
6935,B
8667,B
12096,B
10171,B
12090,B
9983,B
5157,B
9980,B
12084,B
8347,B
5162,B
6929,B
8674,B
12078,B
10173,B
8677,B
12072,B
7114,B
5169,B
12108,B
5142,B
5120,B
10159,B
12132,B
12126,B
9990,B
10161,B
8366,B
5127,B
7108,B
5129,B
8650,B
12120,B
6942,B
8652,B
5134,B
5137,B
9985,B
10166,B
12114,B
8360,B
8657,B
6937,B
9975,B
8340,B
12066,B
5199,B
12042,B
8705,B
5204,B
10192,B
12036,B
12030,B
6910,B
5212,B
10197,B
8316,B
12024,B
9970,B
10202,B
12018,B
9968,B
5219,B
8715,B
10205,B
7138,B
12012,B
10190,B
8701,B
5197,B
6916,B
5174,B
10178,B
8684,B
5177,B
7123,B
5178,B
5181,B
6923,B
12060,B
7124,B
12006,B
8334,B
7125,B
8691,B
10185,B
7126,B
5188,B
8328,B
5190,B
5191,B
8697,B
12048,B
12054,B
11748,B
5636,B
8108,B
9675,B
6461,B
7727,B
11129,B
9374,B
10708,B
11124,B
6068,B
7430,B
9380,B
10710,B
11119,B
7721,B
11114,B
6076,B
9387,B
9673,B
11109,B
6453,B
10715,B
7434,B
6059,B
11134,B
9368,B
11139,B
7748,B
11163,B
9344,B
6037,B
7421,B
9349,B
10693,B
11158,B
11152,B
6043,B
11104,B
7740,B
9680,B
11149,B
6468,B
10698,B
11144,B
9361,B
6051,B
7426,B
7734,B
10703,B
9356,B
7713,B
11099,B
6086,B
6115,B
9412,B
11060,B
10729,B
7694,B
9417,B
11055,B
6123,B
9657,B
9419,B
6438,B
11050,B
7688,B
6129,B
7451,B
6431,B
11041,B
9424,B
11035,B
6135,B
10739,B
9650,B
10734,B
6474,B
11065,B
9661,B
9392,B
11094,B
9400,B
6448,B
11085,B
6094,B
10720,B
7706,B
9668,B
9402,B
7445,B
11080,B
6445,B
7701,B
9407,B
6103,B
9666,B
11075,B
10725,B
11070,B
6109,B
10727,B
6101,B
7682,B
6030,B
6476,B
6511,B
5952,B
9298,B
11277,B
5958,B
7793,B
11272,B
6508,B
10654,B
9709,B
7791,B
5965,B
7398,B
9303,B
11267,B
10664,B
5969,B
9308,B
6501,B
11262,B
7785,B
11282,B
7798,B
11287,B
7393,B
10644,B
11317,B
5921,B
9279,B
9716,B
5923,B
5924,B
9284,B
11312,B
5929,B
5975,B
9711,B
11307,B
9291,B
11302,B
5936,B
7391,B
10649,B
11297,B
9293,B
5943,B
11292,B
6516,B
9704,B
11257,B
7783,B
11213,B
6006,B
9330,B
10684,B
11208,B
6482,B
7760,B
6013,B
9335,B
9687,B
6487,B
11198,B
11188,B
9337,B
10691,B
11181,B
7754,B
9685,B
6024,B
9342,B
11176,B
7418,B
10686,B
11168,B
9325,B
7411,B
10669,B
11252,B
9311,B
7404,B
11247,B
5984,B
9317,B
6494,B
11239,B
10674,B
11218,B
7774,B
5992,B
9323,B
7406,B
11228,B
10679,B
11223,B
5999,B
7769,B
9692,B
7767,B
5991,B
11322,B
11030,B
10741,B
10900,B
6370,B
6270,B
9515,B
6272,B
9597,B
10804,B
7586,B
10895,B
6278,B
9519,B
10809,B
9590,B
10890,B
7581,B
10888,B
9524,B
6285,B
6363,B
7576,B
10883,B
7592,B
10905,B
7515,B
10802,B
10930,B
7508,B
10928,B
6383,B
6248,B
7605,B
9503,B
10918,B
10786,B
9604,B
7523,B
6254,B
6256,B
9602,B
7600,B
10913,B
6376,B
7598,B
10911,B
6261,B
10792,B
9510,B
9505,B
10811,B
10881,B
6291,B
10860,B
6316,B
9573,B
6346,B
7552,B
10855,B
6323,B
9559,B
7536,B
6344,B
9554,B
10850,B
10845,B
6329,B
6343,B
7546,B
10835,B
10828,B
9571,B
7543,B
6336,B
9566,B
9561,B
9498,B
6349,B
9549,B
7574,B
10816,B
6293,B
9531,B
9537,B
10876,B
9583,B
10874,B
6300,B
6355,B
10862,B
7567,B
10869,B
10821,B
10867,B
9578,B
7531,B
7562,B
6309,B
10823,B
6311,B
7560,B
9542,B
6141,B
7610,B
9609,B
11002,B
9446,B
6169,B
10759,B
10997,B
9452,B
9633,B
10992,B
6176,B
6409,B
9454,B
10764,B
7654,B
6179,B
6182,B
7469,B
9459,B
6184,B
6404,B
7648,B
10985,B
9441,B
11004,B
10757,B
7463,B
7680,B
6143,B
9429,B
11025,B
7457,B
9431,B
6423,B
6149,B
10746,B
7674,B
9461,B
11019,B
9645,B
6155,B
9436,B
6417,B
7669,B
11009,B
10751,B
9638,B
6162,B
7667,B
11014,B
6190,B
6402,B
9631,B
10954,B
6220,B
6389,B
7623,B
7498,B
10949,B
10779,B
7621,B
10947,B
9489,B
9484,B
10942,B
6230,B
9614,B
6231,B
6232,B
7503,B
7615,B
9496,B
10940,B
10781,B
10935,B
9491,B
6242,B
10956,B
7628,B
9466,B
10980,B
6193,B
10769,B
7642,B
10975,B
9622,B
6198,B
7490,B
9472,B
7496,B
6396,B
10771,B
7636,B
10968,B
9477,B
6206,B
10776,B
10963,B
9479,B
9619,B
10961,B
10970,B
7811,B
5914,B
6520,B
10473,B
9821,B
8021,B
9038,B
10478,B
5663,B
7289,B
8016,B
6664,B
9043,B
9048,B
10483,B
9816,B
11642,B
8009,B
10485,B
9811,B
6656,B
9050,B
10490,B
11638,B
11646,B
9033,B
6671,B
7284,B
10830,B
9013,B
11666,B
9826,B
5641,B
10461,B
8040,B
11662,B
9018,B
7282,B
9055,B
11658,B
6677,B
10466,B
8033,B
11654,B
9024,B
11650,B
5657,B
9031,B
10471,B
8027,B
5650,B
10492,B
9057,B
9062,B
9797,B
9092,B
10511,B
7968,B
7311,B
5677,B
9097,B
6627,B
7963,B
9792,B
6633,B
5680,B
7961,B
9787,B
9102,B
7317,B
6622,B
7956,B
11630,B
6620,B
11626,B
9104,B
10516,B
7277,B
9087,B
11634,B
7296,B
5669,B
6650,B
9067,B
9809,B
6646,B
7992,B
10497,B
9072,B
9804,B
7975,B
10502,B
9077,B
5671,B
7303,B
6640,B
9085,B
7979,B
10504,B
9799,B
7977,B
10509,B
7985,B
5686,B
9011,B
6684,B
8968,B
11730,B
5564,B
10405,B
8970,B
11728,B
8976,B
10410,B
9850,B
11726,B
5570,B
8080,B
10415,B
11724,B
9845,B
8978,B
11722,B
5577,B
8983,B
7258,B
8073,B
5561,B
8088,B
11732,B
10403,B
11746,B
8950,B
5539,B
10393,B
5541,B
8952,B
9852,B
11744,B
8101,B
5547,B
11720,B
8957,B
11740,B
10398,B
8096,B
11738,B
8963,B
11736,B
7251,B
5555,B
6725,B
8091,B
6731,B
6712,B
11718,B
10420,B
7270,B
5611,B
10440,B
11690,B
8056,B
11686,B
9828,B
5618,B
6691,B
10455,B
8999,B
8053,B
9001,B
11678,B
10456,B
9006,B
11674,B
5628,B
10457,B
7275,B
11670,B
8047,B
11682,B
5634,B
11694,B
8061,B
5583,B
8992,B
11716,B
9843,B
10422,B
11714,B
8068,B
5589,B
10427,B
8994,B
10435,B
11710,B
7264,B
11706,B
5596,B
10432,B
8063,B
11702,B
6699,B
9833,B
11698,B
5604,B
9838,B
10521,B
9782,B
11622,B
11417,B
9220,B
11413,B
5834,B
7364,B
10607,B
7854,B
11409,B
9232,B
5841,B
9233,B
6549,B
10612,B
11404,B
11399,B
7848,B
5847,B
9240,B
5850,B
9737,B
9732,B
10604,B
9215,B
9742,B
7861,B
9197,B
10591,B
9744,B
10592,B
11439,B
7874,B
9202,B
7356,B
5811,B
7358,B
6542,B
5814,B
11426,B
6561,B
6560,B
7867,B
11423,B
9208,B
5821,B
10598,B
11420,B
5827,B
7869,B
11394,B
7843,B
5855,B
10634,B
11359,B
7824,B
11354,B
9263,B
11349,B
9721,B
11344,B
9270,B
5895,B
7826,B
6526,B
7817,B
10639,B
11334,B
7384,B
5903,B
5904,B
9277,B
11331,B
5907,B
11327,B
11339,B
5803,B
5881,B
10629,B
5856,B
9246,B
10617,B
7372,B
11389,B
7838,B
5862,B
10625,B
7836,B
11384,B
7378,B
9251,B
10627,B
9730,B
11374,B
6534,B
11369,B
5874,B
7831,B
9725,B
9256,B
11364,B
11379,B
7879,B
9749,B
7882,B
10536,B
11598,B
9128,B
5720,B
7331,B
9135,B
10538,B
11594,B
5725,B
5726,B
7933,B
7927,B
9141,B
11590,B
6602,B
10543,B
7921,B
5734,B
9147,B
11586,B
11582,B
10548,B
5728,B
5740,B
7330,B
5714,B
7951,B
9109,B
5692,B
10523,B
5694,B
6615,B
7945,B
11618,B
9777,B
11614,B
6609,B
9115,B
10531,B
7940,B
11610,B
9120,B
5707,B
9775,B
11606,B
9770,B
7935,B
11602,B
5701,B
10391,B
7916,B
11578,B
6581,B
11554,B
7895,B
9182,B
5775,B
10575,B
9756,B
11550,B
9186,B
11532,B
5769,B
7349,B
7889,B
11480,B
5784,B
5786,B
7887,B
6574,B
10576,B
9190,B
5791,B
10577,B
6576,B
9156,B
9758,B
9176,B
6595,B
5746,B
7913,B
9765,B
9158,B
5749,B
10553,B
11574,B
7340,B
7908,B
11558,B
11570,B
9164,B
6589,B
10555,B
9171,B
11566,B
9763,B
11562,B
5763,B
7902,B
10561,B
5755,B
5964,B
0,B
4905,B
2159,B
17021,B
17026,B
2153,B
17031,B
17036,B
2143,B
17041,B
17046,B
2136,B
17053,B
2129,B
17059,B
2122,B
17062,B
17016,B
17065,B
2165,B
17006,B
16966,B
2207,B
16971,B
2200,B
16976,B
16981,B
2194,B
16986,B
2188,B
16991,B
2182,B
16996,B
2179,B
17001,B
2172,B
17011,B
2116,B
17071,B
2110,B
2047,B
17179,B
17185,B
2041,B
17191,B
2034,B
17197,B
17207,B
17212,B
2023,B
17217,B
17227,B
2016,B
17229,B
17239,B
17169,B
17157,B
2055,B
2057,B
17078,B
2104,B
2102,B
17086,B
17097,B
17100,B
2089,B
16961,B
17110,B
17112,B
2081,B
17122,B
2074,B
17130,B
2065,B
17145,B
2085,B
2214,B
16956,B
16951,B
2364,B
16766,B
2357,B
16771,B
16776,B
2351,B
16781,B
2345,B
16786,B
2339,B
16791,B
16796,B
2332,B
16801,B
16806,B
16761,B
16756,B
2370,B
16751,B
2414,B
16711,B
2408,B
16716,B
16721,B
2401,B
2399,B
2325,B
16726,B
16731,B
2388,B
2386,B
16736,B
16741,B
2379,B
16746,B
2393,B
2007,B
16811,B
16816,B
16891,B
16896,B
16901,B
2252,B
16906,B
2245,B
16911,B
16916,B
16921,B
2236,B
16926,B
2230,B
16941,B
16946,B
2223,B
2261,B
16886,B
2267,B
16881,B
16821,B
16826,B
16831,B
2306,B
16836,B
2299,B
16841,B
2319,B
16846,B
2289,B
16856,B
16861,B
16866,B
2279,B
16871,B
16876,B
16851,B
16706,B
17247,B
17255,B
17630,B
1739,B
1738,B
17634,B
17636,B
1732,B
17638,B
17640,B
1725,B
17642,B
17644,B
1719,B
17646,B
1713,B
17651,B
17625,B
17654,B
1747,B
1754,B
17554,B
1789,B
17558,B
17563,B
1783,B
17567,B
1777,B
17572,B
17576,B
1770,B
17581,B
17585,B
1761,B
17590,B
17592,B
17599,B
1705,B
17657,B
17661,B
17723,B
17725,B
1642,B
17735,B
17745,B
1633,B
17755,B
1629,B
17762,B
17774,B
1620,B
17784,B
17794,B
1613,B
17805,B
17721,B
1650,B
1653,B
17719,B
1697,B
17665,B
1691,B
17673,B
17680,B
17690,B
1681,B
17549,B
17694,B
1673,B
17707,B
1666,B
1665,B
17713,B
1659,B
17716,B
17700,B
1799,B
17545,B
17540,B
17337,B
1942,B
17341,B
17343,B
17353,B
1934,B
17358,B
1926,B
1925,B
1924,B
17363,B
17368,B
17373,B
17390,B
1907,B
1949,B
1950,B
1952,B
17333,B
1996,B
17265,B
1990,B
17273,B
17277,B
1982,B
17281,B
17398,B
17289,B
17297,B
1968,B
17305,B
17313,B
17321,B
1958,B
17323,B
1975,B
17251,B
17404,B
1897,B
1844,B
17477,B
1838,B
17480,B
1832,B
17485,B
17489,B
1825,B
17495,B
17501,B
1816,B
17505,B
17510,B
17536,B
1807,B
17472,B
17467,B
1852,B
17461,B
17409,B
17417,B
1891,B
17424,B
1884,B
17431,B
17437,B
1899,B
17442,B
17446,B
1869,B
17450,B
1864,B
17455,B
17457,B
1858,B
1875,B
17815,B
2419,B
2425,B
2969,B
16077,B
2962,B
16082,B
16087,B
2956,B
16093,B
2951,B
16099,B
2944,B
16105,B
16110,B
2938,B
16115,B
2932,B
16070,B
16121,B
16063,B
16058,B
16010,B
16015,B
3014,B
16020,B
3007,B
3005,B
16026,B
16031,B
2996,B
16037,B
16041,B
2990,B
16047,B
2984,B
16053,B
2977,B
2926,B
16126,B
16132,B
2862,B
16201,B
16206,B
2855,B
16211,B
16216,B
2847,B
16221,B
16226,B
2839,B
16231,B
16236,B
2829,B
16241,B
16246,B
16196,B
16191,B
2869,B
16186,B
16137,B
2917,B
16142,B
16143,B
16147,B
2908,B
2901,B
3021,B
2899,B
2891,B
16160,B
16171,B
2884,B
16176,B
2877,B
16181,B
16154,B
16005,B
16000,B
3030,B
15810,B
3169,B
15816,B
15822,B
15828,B
3159,B
15834,B
15840,B
15846,B
15852,B
3145,B
15858,B
3139,B
15864,B
15870,B
3175,B
15804,B
15798,B
3182,B
15738,B
15744,B
3218,B
15750,B
15756,B
3212,B
3210,B
3133,B
15762,B
15768,B
15774,B
3197,B
15780,B
3190,B
15786,B
15792,B
3204,B
2823,B
15876,B
3126,B
3070,B
15953,B
15957,B
15962,B
15967,B
3056,B
15971,B
3050,B
15976,B
3044,B
15982,B
15986,B
3036,B
15991,B
15995,B
15948,B
15943,B
3076,B
15939,B
15882,B
15888,B
3119,B
15894,B
15899,B
3111,B
15904,B
3127,B
3105,B
15914,B
3098,B
15919,B
15924,B
15929,B
3086,B
15934,B
15909,B
16701,B
16251,B
2815,B
2567,B
16521,B
2561,B
16526,B
16531,B
2555,B
16536,B
2548,B
16541,B
16546,B
16551,B
2539,B
16556,B
16561,B
2530,B
16516,B
16566,B
2573,B
16506,B
2616,B
16471,B
16476,B
2609,B
16481,B
2603,B
2600,B
16486,B
2594,B
2592,B
16491,B
16496,B
2586,B
16501,B
2579,B
16511,B
16571,B
16576,B
16581,B
16641,B
16646,B
2459,B
16651,B
2452,B
16656,B
16661,B
2446,B
16666,B
2439,B
16681,B
16686,B
2433,B
16691,B
16696,B
2468,B
16636,B
16631,B
4907,B
2517,B
16586,B
2510,B
2509,B
16591,B
16596,B
2503,B
16466,B
2501,B
16606,B
2493,B
16611,B
2486,B
16616,B
16621,B
2478,B
16601,B
16461,B
2624,B
16456,B
2765,B
2764,B
16306,B
2758,B
2756,B
16311,B
16316,B
2748,B
16321,B
2742,B
2740,B
16326,B
16331,B
2733,B
16336,B
16301,B
16296,B
2771,B
2773,B
16256,B
2809,B
2807,B
16261,B
16266,B
2801,B
2799,B
16341,B
16271,B
16276,B
16281,B
2785,B
16286,B
2779,B
2778,B
16291,B
2793,B
2817,B
2726,B
2720,B
2665,B
16411,B
16416,B
16421,B
2656,B
16426,B
2650,B
16431,B
16436,B
2642,B
16441,B
2636,B
16446,B
16451,B
2630,B
16406,B
2672,B
16401,B
16396,B
16351,B
2714,B
2712,B
16356,B
16361,B
2706,B
16366,B
16346,B
2700,B
2695,B
16376,B
16381,B
2687,B
16386,B
2681,B
16391,B
16371,B
3227,B
1605,B
17835,B
20139,B
20144,B
20149,B
519,B
20153,B
20158,B
511,B
20163,B
20168,B
20173,B
500,B
20178,B
20183,B
493,B
20190,B
532,B
20195,B
20135,B
20106,B
20029,B
575,B
20041,B
20051,B
567,B
565,B
20061,B
559,B
20066,B
20071,B
550,B
20077,B
20090,B
20100,B
542,B
20122,B
485,B
20200,B
20206,B
389,B
20279,B
20280,B
20281,B
383,B
20282,B
20283,B
20284,B
20285,B
20286,B
376,B
20287,B
20288,B
20289,B
20290,B
20277,B
392,B
400,B
409,B
477,B
475,B
20211,B
20216,B
467,B
466,B
20222,B
581,B
459,B
20228,B
451,B
443,B
436,B
428,B
420,B
418,B
457,B
20017,B
20008,B
19999,B
19688,B
720,B
19703,B
714,B
19718,B
19733,B
706,B
19748,B
700,B
19763,B
19778,B
693,B
19793,B
19808,B
684,B
19673,B
19658,B
729,B
19643,B
777,B
19506,B
770,B
19514,B
19532,B
763,B
19538,B
19823,B
19553,B
753,B
19583,B
746,B
19598,B
19613,B
739,B
19628,B
19568,B
20291,B
19838,B
19853,B
19930,B
19932,B
19934,B
620,B
617,B
19936,B
19946,B
610,B
19956,B
604,B
19967,B
19975,B
19983,B
595,B
19991,B
628,B
630,B
19928,B
19926,B
19868,B
670,B
667,B
19883,B
19895,B
659,B
19897,B
677,B
19905,B
19915,B
19917,B
645,B
19919,B
19922,B
19924,B
636,B
651,B
19489,B
369,B
20293,B
141,B
20803,B
134,B
20820,B
20837,B
20851,B
125,B
20859,B
119,B
20865,B
112,B
20870,B
20875,B
105,B
20881,B
20788,B
98,B
20774,B
20761,B
20568,B
186,B
20583,B
20599,B
178,B
20707,B
20711,B
20716,B
168,B
20725,B
162,B
20737,B
20749,B
156,B
154,B
147,B
96,B
20891,B
20900,B
37,B
21002,B
21007,B
31,B
29,B
21012,B
22,B
21017,B
21022,B
14,B
21028,B
21030,B
21035,B
6,B
21045,B
20997,B
45,B
20989,B
20982,B
90,B
20910,B
84,B
20919,B
20929,B
76,B
20941,B
20547,B
20950,B
67,B
20959,B
60,B
59,B
20967,B
20975,B
53,B
69,B
193,B
20531,B
20516,B
20313,B
20314,B
20315,B
339,B
20316,B
20318,B
20319,B
333,B
20320,B
20321,B
20322,B
20323,B
20324,B
326,B
20325,B
20312,B
345,B
20311,B
20310,B
20294,B
20295,B
20296,B
20297,B
20299,B
20300,B
20301,B
20326,B
20302,B
20303,B
20304,B
20305,B
20306,B
20307,B
20308,B
20309,B
356,B
20292,B
20327,B
20329,B
20408,B
237,B
20424,B
20436,B
229,B
20452,B
20465,B
20471,B
219,B
213,B
20480,B
20485,B
207,B
20501,B
200,B
20398,B
245,B
20388,B
20378,B
20330,B
20331,B
317,B
307,B
300,B
298,B
290,B
20328,B
283,B
277,B
275,B
267,B
261,B
259,B
20371,B
252,B
282,B
17825,B
19466,B
19458,B
18238,B
1337,B
18242,B
18246,B
18251,B
1327,B
18256,B
1321,B
18260,B
18264,B
1314,B
18268,B
18273,B
1305,B
18278,B
18234,B
1299,B
18229,B
1350,B
1390,B
18191,B
18196,B
1382,B
1380,B
18199,B
18202,B
18205,B
1370,B
18210,B
1364,B
18215,B
18218,B
1357,B
18221,B
18224,B
18282,B
18286,B
1292,B
18358,B
18364,B
18370,B
1229,B
18376,B
1223,B
18382,B
1217,B
18388,B
18393,B
1210,B
18405,B
18413,B
1203,B
18421,B
1240,B
18346,B
1243,B
18340,B
18290,B
18295,B
18300,B
1281,B
18304,B
18308,B
1272,B
18185,B
18312,B
1265,B
18322,B
1259,B
18328,B
18332,B
18336,B
1250,B
18317,B
18180,B
18174,B
18168,B
1545,B
17923,B
17929,B
1539,B
17934,B
17938,B
1530,B
17942,B
17945,B
1522,B
17957,B
1516,B
17968,B
17980,B
1510,B
17918,B
17917,B
1552,B
17915,B
1596,B
1594,B
17846,B
17858,B
1588,B
17869,B
17879,B
17992,B
1580,B
1573,B
17901,B
17903,B
1567,B
1565,B
17911,B
1558,B
17889,B
18429,B
1503,B
18010,B
18108,B
1439,B
18113,B
18124,B
18130,B
18135,B
1425,B
18141,B
1419,B
18146,B
18152,B
1412,B
18157,B
18163,B
1403,B
1445,B
18102,B
18097,B
18091,B
18021,B
1493,B
18032,B
18043,B
1484,B
18048,B
18053,B
17999,B
1477,B
18064,B
1470,B
18069,B
18075,B
18080,B
18086,B
1456,B
18058,B
784,B
18441,B
18444,B
19099,B
927,B
19103,B
19111,B
920,B
19127,B
19143,B
913,B
19164,B
19172,B
903,B
19178,B
897,B
19186,B
19192,B
19094,B
889,B
935,B
942,B
18963,B
979,B
18969,B
972,B
18972,B
18976,B
965,B
963,B
18979,B
18982,B
955,B
19063,B
948,B
19073,B
19081,B
19089,B
19200,B
19208,B
19214,B
826,B
824,B
19363,B
19371,B
817,B
19386,B
19394,B
809,B
807,B
19406,B
800,B
19422,B
19430,B
19440,B
791,B
19347,B
19339,B
834,B
19324,B
880,B
19230,B
873,B
19251,B
19260,B
19265,B
864,B
18957,B
862,B
19291,B
854,B
19299,B
846,B
19308,B
19316,B
840,B
19274,B
985,B
18940,B
991,B
1133,B
1127,B
18662,B
18674,B
18686,B
1118,B
1117,B
18698,B
1111,B
1108,B
18710,B
18722,B
1101,B
18730,B
1095,B
18640,B
1140,B
18628,B
18616,B
18447,B
1183,B
18450,B
1177,B
18453,B
18456,B
1170,B
18736,B
1167,B
1163,B
18579,B
1159,B
18592,B
18604,B
1151,B
1149,B
18566,B
1190,B
18744,B
18751,B
18827,B
18831,B
1025,B
18842,B
18854,B
1018,B
18866,B
1012,B
18877,B
18889,B
1004,B
18902,B
18914,B
998,B
18927,B
1033,B
18818,B
1040,B
18810,B
18758,B
1080,B
18764,B
18770,B
18777,B
1070,B
18781,B
1088,B
18786,B
18791,B
1056,B
1054,B
18798,B
1048,B
1046,B
18804,B
1062,B
15732,B
16626,B
4086,B
3549,B
14831,B
4609,B
15209,B
4375,B
13356,B
3555,B
4377,B
14091,B
14084,B
13363,B
15205,B
3968,B
4603,B
14837,B
15201,B
4601,B
3563,B
3557,B
14842,B
4369,B
14825,B
3983,B
4363,B
14813,B
15225,B
14133,B
4622,B
14819,B
3535,B
15213,B
14126,B
15221,B
3541,B
13328,B
4616,B
14119,B
15217,B
13335,B
3976,B
13321,B
13384,B
15197,B
14077,B
13454,B
15177,B
3952,B
14056,B
3589,B
3592,B
13461,B
4571,B
14852,B
14042,B
14857,B
4568,B
3598,B
4389,B
13468,B
3600,B
15169,B
13475,B
15173,B
13447,B
3584,B
15181,B
3961,B
4595,B
4593,B
15193,B
13391,B
3571,B
14070,B
13405,B
13412,B
15189,B
4584,B
3577,B
14847,B
4383,B
15185,B
13433,B
14063,B
13440,B
4577,B
13297,B
3946,B
13289,B
4631,B
3487,B
13097,B
13105,B
14252,B
14735,B
4680,B
13113,B
13121,B
4687,B
14741,B
14238,B
4332,B
13137,B
14747,B
14753,B
4670,B
4024,B
3496,B
4032,B
13145,B
4325,B
4694,B
4716,B
4714,B
12985,B
12993,B
4049,B
4708,B
3475,B
14273,B
14729,B
13017,B
13025,B
13033,B
4700,B
14723,B
14259,B
3481,B
13057,B
4041,B
14717,B
4333,B
14759,B
13153,B
13257,B
3997,B
14795,B
4354,B
3517,B
13265,B
14801,B
4356,B
4643,B
4637,B
3523,B
3989,B
13273,B
14154,B
13281,B
14140,B
14807,B
3528,B
14161,B
4347,B
13225,B
3511,B
4017,B
4663,B
14765,B
14210,B
13177,B
13185,B
3503,B
14771,B
4011,B
4339,B
13193,B
14777,B
4341,B
4654,B
4005,B
14196,B
14783,B
4649,B
14789,B
4629,B
14862,B
15165,B
13482,B
13706,B
15069,B
3809,B
4491,B
3714,B
15065,B
14966,B
13902,B
13699,B
13727,B
15061,B
15057,B
4434,B
3726,B
4483,B
15053,B
13741,B
14971,B
3803,B
13755,B
3816,B
3706,B
4504,B
15085,B
3844,B
3842,B
13671,B
4424,B
15081,B
3698,B
3708,B
3836,B
15077,B
3830,B
13916,B
3824,B
3818,B
15073,B
4496,B
13909,B
13685,B
3731,B
15049,B
14977,B
15021,B
3760,B
14998,B
13853,B
13811,B
4447,B
15017,B
4448,B
3786,B
15013,B
3767,B
4458,B
15001,B
4456,B
15009,B
13818,B
3773,B
13825,B
3780,B
13804,B
3754,B
4464,B
13881,B
4477,B
15045,B
13762,B
3795,B
3739,B
13769,B
13874,B
13776,B
15041,B
4440,B
4470,B
14983,B
15037,B
14988,B
4469,B
15033,B
15029,B
15025,B
3692,B
3850,B
13930,B
13657,B
15145,B
14007,B
15141,B
3632,B
14000,B
15137,B
13552,B
3928,B
13545,B
3638,B
4403,B
3640,B
3641,B
13559,B
14881,B
15133,B
13993,B
3647,B
4543,B
3626,B
14876,B
14014,B
14028,B
13489,B
3606,B
15161,B
3941,B
14867,B
4557,B
15157,B
3614,B
14021,B
4396,B
13524,B
14871,B
15153,B
3620,B
13531,B
4550,B
15149,B
3934,B
15129,B
14274,B
4537,B
14489,B
3907,B
3901,B
15101,B
4518,B
3899,B
3893,B
3887,B
15097,B
4415,B
3881,B
3686,B
3875,B
13643,B
3867,B
13937,B
15089,B
3861,B
4510,B
15093,B
3676,B
4523,B
15105,B
15125,B
3922,B
15121,B
13580,B
4532,B
3656,B
13979,B
15117,B
4409,B
13587,B
14892,B
3663,B
15113,B
13594,B
13601,B
15109,B
3916,B
3670,B
3909,B
14886,B
12977,B
14203,B
12689,B
15588,B
4821,B
14578,B
3334,B
4143,B
14584,B
15582,B
14421,B
14414,B
3341,B
4261,B
14590,B
15576,B
4807,B
15570,B
14596,B
4814,B
15594,B
3328,B
12617,B
12569,B
14560,B
4158,B
15612,B
3316,B
14566,B
4835,B
14428,B
12601,B
15606,B
3322,B
14572,B
4829,B
4150,B
15600,B
4827,B
4254,B
4721,B
3347,B
14407,B
4134,B
14386,B
15534,B
14621,B
4277,B
12761,B
3374,B
14627,B
15528,B
4112,B
12769,B
15522,B
4283,B
14633,B
14365,B
15516,B
14639,B
15509,B
15540,B
15618,B
4119,B
12753,B
4798,B
14400,B
15564,B
3353,B
14602,B
12737,B
15558,B
14393,B
4793,B
4127,B
15552,B
14608,B
3360,B
4271,B
12745,B
15546,B
14615,B
3367,B
14435,B
3310,B
12561,B
4888,B
15702,B
14477,B
12444,B
15696,B
3259,B
14471,B
14512,B
12450,B
15690,B
4223,B
4881,B
15684,B
14518,B
4879,B
3266,B
12456,B
4195,B
14465,B
3252,B
14506,B
4209,B
14495,B
15726,B
12426,B
12432,B
3239,B
15720,B
4899,B
14483,B
3244,B
14500,B
15714,B
4895,B
4215,B
12438,B
15708,B
4217,B
4890,B
3387,B
14524,B
15678,B
14447,B
3295,B
12521,B
14548,B
4239,B
4849,B
15636,B
4168,B
12537,B
4166,B
15630,B
3303,B
14441,B
4843,B
15624,B
14554,B
4245,B
14542,B
12462,B
15642,B
15648,B
3273,B
4182,B
15672,B
12468,B
14530,B
15666,B
4869,B
14459,B
3280,B
4233,B
4862,B
15660,B
14453,B
14536,B
15654,B
4174,B
3289,B
4855,B
4105,B
15005,B
15449,B
14330,B
12937,B
14350,B
14657,B
15485,B
4751,B
15431,B
15419,B
4731,B
4765,B
12873,B
4767,B
15443,B
4738,B
15473,B
12865,B
3461,B
4307,B
3400,B
14669,B
14308,B
14699,B
4070,B
15479,B
15425,B
14663,B
12825,B
15467,B
4064,B
14287,B
3409,B
12921,B
3454,B
3441,B
3422,B
4296,B
15437,B
3456,B
4092,B
3406,B
14687,B
14315,B
14675,B
14693,B
15461,B
14357,B
14681,B
4084,B
12889,B
4316,B
4745,B
4722,B
15455,B
14358,B
4758,B
3394,B
3467,B
14309,B
3469,B
12841,B
3233,B
12833,B
15503,B
4076,B
4288,B
14711,B
4302,B
14645,B
4725,B
14294,B
3415,B
12849,B
12817,B
14651,B
3434,B
4078,B
15497,B
3447,B
12961,B
3428,B
15491,B
14705,B
4779,B
12809,B
4773,B
4056,B
15413,B
18451,C
18216,C
18941,C
18389,C
9290,C
9283,C
9577,C
9570,C
18219,C
13826,C
11919,C
13945,C
9302,C
18235,C
18903,C
9476,C
18457,C
18230,C
9435,C
14454,C
9565,C
18225,C
18915,C
11825,C
9297,C
18383,C
14303,C
18928,C
18454,C
18222,C
11923,C
14448,C
14239,C
18323,C
11821,C
18983,C
14281,C
14267,C
9255,C
18430,C
13861,C
9601,C
13854,C
18197,C
19064,C
11939,C
9465,C
18192,C
9250,C
9458,C
19074,C
14478,C
18186,C
18406,C
19082,C
18422,C
9608,C
14484,C
13833,C
9245,C
18414,C
19090,C
18181,C
11943,C
11935,C
11927,C
18442,C
11861,C
14460,C
9582,C
18958,C
13903,C
18211,C
9440,C
9471,C
18964,C
13889,C
18206,C
9276,C
18970,C
18448,C
11931,C
18973,C
9445,C
9589,C
9269,C
18445,C
18203,C
18977,C
18394,C
9596,C
9262,C
9451,C
13875,C
18200,C
14472,C
14253,C
18980,C
14466,C
11915,C
18239,C
14351,C
18687,C
9495,C
9518,C
9355,C
18296,C
18771,C
11881,C
18337,C
18291,C
9348,C
14394,C
18675,C
14134,C
18778,C
9523,C
18341,C
18792,C
14022,C
14408,C
18787,C
9341,C
9530,C
11897,C
14337,C
18283,C
18663,C
18287,C
14029,C
18782,C
9406,C
11877,C
18765,C
9399,C
18301,C
14078,C
9391,C
18711,C
18313,C
18329,C
14359,C
9373,C
18737,C
14366,C
9386,C
18723,C
9502,C
9379,C
18731,C
18318,C
11903,C
14373,C
14380,C
9514,C
14387,C
9360,C
18699,C
18759,C
11893,C
18745,C
11885,C
18752,C
14120,C
18333,C
9367,C
9509,C
18309,C
18305,C
18890,C
11853,C
18279,C
13987,C
18257,C
14190,C
18371,C
9316,C
9548,C
14429,C
18252,C
9553,C
18593,C
18843,C
9310,C
14191,C
9483,C
18580,C
18855,C
14436,C
13959,C
18878,C
14442,C
18567,C
18243,C
9307,C
9423,C
9558,C
18867,C
9428,C
11873,C
18247,C
13973,C
18377,C
13966,C
18832,C
18828,C
14422,C
9416,C
18269,C
14415,C
11907,C
18629,C
18359,C
9329,C
9536,C
14015,C
18799,C
11837,C
9334,C
18641,C
18347,C
18274,C
9411,C
18805,C
14001,C
14176,C
9322,C
18605,C
11911,C
14323,C
18261,C
18265,C
18365,C
18819,C
14162,C
18617,C
11833,C
18811,C
9541,C
9488,C
11865,C
9084,C
9239,C
8725,C
20349,C
20348,C
20347,C
20346,C
8743,C
20345,C
12265,C
20344,C
8748,C
20343,C
20342,C
12818,C
8754,C
20340,C
12826,C
20339,C
8760,C
20338,C
20337,C
8767,C
20336,C
20335,C
20334,C
20333,C
8772,C
20341,C
20332,C
12271,C
12810,C
20466,C
12754,C
8676,C
20453,C
12295,C
20437,C
8683,C
12762,C
20425,C
12289,C
8690,C
20409,C
8720,C
12770,C
20399,C
12283,C
12778,C
20389,C
8700,C
20379,C
8704,C
12786,C
12802,C
20372,C
12277,C
8714,C
8696,C
12259,C
12834,C
12842,C
13034,C
12193,C
8840,C
13050,C
8845,C
12187,C
13058,C
13074,C
8851,C
12181,C
13082,C
13106,C
8832,C
8858,C
13114,C
13122,C
8865,C
20229,C
13130,C
12169,C
20223,C
13138,C
20217,C
8872,C
12163,C
20212,C
12175,C
12199,C
13018,C
13010,C
12253,C
8779,C
12247,C
12874,C
12882,C
12241,C
8785,C
12898,C
12906,C
8790,C
12235,C
12922,C
8796,C
12938,C
12229,C
8803,C
12946,C
12223,C
8808,C
12962,C
8814,C
12217,C
12978,C
8819,C
12211,C
12205,C
8826,C
8673,C
12301,C
20472,C
12746,C
12391,C
8555,C
20951,C
12463,C
12385,C
8560,C
20942,C
12469,C
20930,C
8565,C
12482,C
20920,C
20960,C
12379,C
20911,C
12490,C
20901,C
12498,C
12373,C
20892,C
12514,C
12367,C
20882,C
20876,C
8579,C
12522,C
8570,C
12457,C
8549,C
20968,C
21046,C
12421,C
21036,C
12427,C
21031,C
12433,C
8515,C
21023,C
12415,C
21018,C
8522,C
21013,C
12439,C
21008,C
8532,C
12409,C
21003,C
8537,C
12403,C
8542,C
20998,C
12445,C
20990,C
12451,C
20983,C
20976,C
12397,C
20871,C
13146,C
8586,C
20866,C
12634,C
12642,C
20708,C
12325,C
20600,C
12666,C
8636,C
20584,C
8643,C
20569,C
12319,C
20548,C
20717,C
8649,C
20532,C
12313,C
20517,C
12730,C
20502,C
8656,C
20486,C
8661,C
12738,C
12307,C
20481,C
8666,C
12722,C
8628,C
12626,C
8621,C
12546,C
20861,C
20860,C
12355,C
20852,C
12554,C
20838,C
8594,C
20821,C
12570,C
12349,C
8600,C
20804,C
12578,C
20789,C
12343,C
20775,C
12602,C
20762,C
8607,C
20750,C
12337,C
20738,C
12618,C
8615,C
12331,C
20726,C
12361,C
19095,C
20207,C
8879,C
19490,C
13609,C
19467,C
9101,C
12019,C
13616,C
19459,C
19441,C
13623,C
13630,C
19431,C
9108,C
12025,C
12013,C
9114,C
13637,C
19407,C
12007,C
9119,C
19395,C
13658,C
9127,C
19387,C
19372,C
12001,C
19364,C
19423,C
9134,C
19507,C
13595,C
9054,C
19674,C
12043,C
19659,C
13546,C
9061,C
19644,C
9066,C
19629,C
13553,C
9071,C
19614,C
9096,C
13560,C
19599,C
12037,C
19584,C
13567,C
19569,C
19554,C
13581,C
19539,C
12031,C
19533,C
9091,C
19515,C
9076,C
13672,C
11995,C
19348,C
19209,C
19201,C
13784,C
9196,C
19193,C
11959,C
19187,C
9201,C
13791,C
19179,C
19173,C
11955,C
9189,C
9207,C
13805,C
9214,C
19144,C
11951,C
19128,C
9219,C
13812,C
19112,C
9231,C
19104,C
11947,C
19100,C
19165,C
11965,C
19215,C
19231,C
9140,C
13686,C
19340,C
9146,C
13693,C
19325,C
9155,C
11989,C
19317,C
19309,C
11983,C
9163,C
19300,C
13714,C
19292,C
9170,C
13728,C
19275,C
11977,C
19266,C
9175,C
13735,C
9181,C
19261,C
19252,C
9185,C
11971,C
13539,C
19689,C
12049,C
19704,C
8921,C
20133,C
13266,C
20107,C
20101,C
12127,C
13282,C
8928,C
20078,C
20072,C
20067,C
8936,C
12133,C
13298,C
12121,C
8944,C
13306,C
20052,C
13314,C
20042,C
8949,C
12115,C
20030,C
20018,C
8956,C
20009,C
20062,C
8916,C
20136,C
20140,C
20201,C
20196,C
12157,C
20191,C
8885,C
20184,C
8890,C
13194,C
13202,C
20179,C
8896,C
12151,C
20174,C
13210,C
20169,C
8899,C
20164,C
12145,C
8904,C
20159,C
13226,C
20154,C
20150,C
8911,C
12139,C
20145,C
13258,C
13336,C
13154,C
20000,C
12109,C
9010,C
13455,C
19869,C
19854,C
13462,C
9017,C
19839,C
9023,C
19824,C
12061,C
9030,C
19809,C
19884,C
19794,C
19779,C
9037,C
12055,C
19764,C
13497,C
9042,C
19749,C
13518,C
19734,C
9047,C
13525,C
19719,C
13490,C
12067,C
9005,C
19898,C
19992,C
13343,C
19984,C
8967,C
13350,C
19976,C
19968,C
12103,C
8975,C
19957,C
13364,C
19947,C
8982,C
19937,C
12097,C
13378,C
8991,C
12091,C
13385,C
12085,C
13399,C
8998,C
12079,C
13420,C
13427,C
12073,C
19906,C
8962,C
18175,C
11024,C
18169,C
16447,C
15300,C
10572,C
11316,C
16442,C
10573,C
10574,C
15304,C
16437,C
15308,C
16432,C
15312,C
15316,C
16427,C
15320,C
16422,C
10589,C
10590,C
15324,C
11311,C
16417,C
16412,C
15328,C
15332,C
16407,C
10597,C
15336,C
10560,C
16402,C
15296,C
16452,C
11333,C
16492,C
15252,C
15256,C
15260,C
10530,C
16487,C
15264,C
15268,C
10535,C
16482,C
15272,C
16477,C
11330,C
15276,C
16472,C
10542,C
15280,C
11326,C
10547,C
16467,C
16462,C
15284,C
10552,C
15288,C
16457,C
15292,C
11321,C
10603,C
11306,C
15340,C
16347,C
15388,C
16342,C
10648,C
11281,C
15392,C
16337,C
15396,C
11276,C
16332,C
10653,C
15400,C
16327,C
10663,C
15404,C
16322,C
10668,C
11271,C
15408,C
10673,C
16317,C
16312,C
10678,C
15414,C
16307,C
11266,C
10683,C
15384,C
16352,C
15380,C
10643,C
10606,C
16397,C
15344,C
16392,C
15348,C
10611,C
15352,C
16387,C
10616,C
11301,C
16382,C
15356,C
10624,C
16497,C
16377,C
15360,C
16372,C
15364,C
15368,C
16367,C
10633,C
16362,C
11291,C
15372,C
16357,C
10638,C
15376,C
11286,C
11296,C
15248,C
16502,C
11338,C
16692,C
10390,C
15174,C
16687,C
16682,C
11403,C
10397,C
16667,C
10402,C
15178,C
16662,C
16657,C
11398,C
10409,C
15182,C
16652,C
10414,C
16647,C
10419,C
15186,C
16642,C
11393,C
16637,C
10426,C
15190,C
16632,C
10431,C
11408,C
16697,C
15170,C
10385,C
16757,C
15146,C
16752,C
15150,C
16747,C
10349,C
10354,C
16742,C
15154,C
16737,C
11422,C
10361,C
16732,C
16627,C
11419,C
16727,C
10366,C
15162,C
16722,C
11416,C
16717,C
10373,C
15166,C
10378,C
16712,C
16707,C
11412,C
16702,C
15158,C
16302,C
10434,C
16622,C
10489,C
16552,C
16547,C
11358,C
16542,C
10496,C
15222,C
16537,C
11353,C
10501,C
16532,C
15226,C
16527,C
11348,C
15228,C
10508,C
16522,C
15232,C
11343,C
16517,C
15236,C
16512,C
10515,C
15240,C
16507,C
15244,C
10520,C
15218,C
16557,C
16562,C
11363,C
11388,C
16617,C
10452,C
10453,C
15198,C
16612,C
10454,C
16607,C
11383,C
16602,C
15202,C
16597,C
11378,C
15194,C
10465,C
11373,C
15206,C
10470,C
16587,C
16582,C
15210,C
16577,C
10477,C
11368,C
16572,C
16567,C
10482,C
15214,C
16592,C
10342,C
15420,C
10690,C
10904,C
15619,C
15944,C
11098,C
10910,C
15940,C
15625,C
15935,C
11093,C
15930,C
15925,C
15631,C
10917,C
15920,C
15915,C
11084,C
10927,C
15637,C
15910,C
11079,C
15905,C
10934,C
15900,C
15643,C
10939,C
15895,C
15889,C
15949,C
15649,C
15954,C
15958,C
15583,C
10866,C
16011,C
11123,C
16006,C
10873,C
15589,C
16001,C
15996,C
11118,C
10880,C
15992,C
15595,C
15987,C
11113,C
15983,C
15601,C
15977,C
10887,C
15607,C
15972,C
11108,C
15968,C
10894,C
15963,C
11103,C
10899,C
15613,C
15883,C
11074,C
15655,C
15793,C
15697,C
15787,C
10987,C
11040,C
15781,C
15775,C
10991,C
15703,C
10996,C
15769,C
15709,C
11034,C
15763,C
11001,C
15757,C
11029,C
15715,C
15751,C
11008,C
11013,C
15745,C
15721,C
15739,C
11018,C
15727,C
15733,C
15799,C
10984,C
11049,C
15805,C
10946,C
15877,C
15661,C
15871,C
11069,C
15865,C
10953,C
15667,C
15859,C
11064,C
10960,C
15853,C
15847,C
16016,C
15673,C
15841,C
15835,C
11059,C
15679,C
15829,C
10974,C
15823,C
11054,C
15817,C
10979,C
15685,C
15811,C
15691,C
10967,C
11128,C
16021,C
15577,C
10733,C
16232,C
15468,C
16227,C
10738,C
16222,C
15474,C
16217,C
11217,C
10745,C
16212,C
10750,C
16207,C
15480,C
16202,C
10756,C
11212,C
16197,C
15486,C
16192,C
11207,C
10763,C
16187,C
16182,C
15492,C
10768,C
16177,C
11222,C
16237,C
16242,C
11227,C
11261,C
15426,C
16292,C
15432,C
16287,C
11256,C
10697,C
16282,C
16277,C
10702,C
11251,C
15438,C
16272,C
11197,C
10707,C
15444,C
11246,C
10714,C
16262,C
15450,C
11238,C
10719,C
16257,C
15456,C
16252,C
10724,C
16247,C
15462,C
16267,C
16297,C
16172,C
16161,C
15547,C
16083,C
11151,C
16078,C
15553,C
16071,C
11148,C
10827,C
16064,C
15559,C
16059,C
10834,C
16054,C
11143,C
10844,C
15565,C
16048,C
16042,C
10849,C
11138,C
16038,C
15571,C
10854,C
16032,C
10859,C
16027,C
11133,C
16088,C
15541,C
10820,C
16094,C
10775,C
11187,C
16155,C
15504,C
10778,C
11180,C
15510,C
11175,C
10785,C
16138,C
15517,C
10791,C
16133,C
15498,C
15523,C
10801,C
11167,C
16122,C
15529,C
16116,C
10808,C
11162,C
16111,C
15535,C
16106,C
10815,C
16100,C
11157,C
16127,C
11427,C
16762,C
16767,C
17662,C
14730,C
17658,C
9842,C
14736,C
17655,C
17652,C
9849,C
14742,C
14748,C
14754,C
14760,C
9856,C
9861,C
14766,C
14772,C
17627,C
9868,C
14778,C
17600,C
17597,C
9873,C
17593,C
14784,C
14790,C
17586,C
9880,C
9837,C
11711,C
17666,C
14724,C
17756,C
14676,C
9796,C
17746,C
17736,C
14682,C
9803,C
17726,C
9808,C
14688,C
11741,C
14694,C
9815,C
17714,C
14700,C
9820,C
17708,C
14706,C
17701,C
14712,C
9825,C
17695,C
11733,C
17691,C
17681,C
14718,C
17674,C
9832,C
17582,C
17577,C
11707,C
17490,C
11687,C
17486,C
9936,C
17481,C
14838,C
17478,C
11683,C
9943,C
17473,C
14843,C
17468,C
11679,C
17462,C
9948,C
14848,C
17458,C
11675,C
14853,C
9956,C
9957,C
9958,C
17451,C
11671,C
17447,C
14858,C
17443,C
14832,C
9930,C
17496,C
14826,C
17573,C
14796,C
9887,C
17568,C
14802,C
17564,C
9894,C
11703,C
17559,C
14808,C
17555,C
11699,C
17550,C
14670,C
9901,C
14814,C
9906,C
17541,C
17537,C
11695,C
9913,C
14820,C
17511,C
9918,C
17506,C
11691,C
9925,C
17502,C
17546,C
9791,C
17763,C
11749,C
18087,C
9665,C
14537,C
18081,C
9672,C
18076,C
11795,C
18070,C
18065,C
14543,C
18059,C
18054,C
9679,C
14549,C
18049,C
11789,C
9684,C
18044,C
14555,C
18033,C
18022,C
9691,C
14561,C
18011,C
18000,C
9701,C
14567,C
14531,C
18092,C
11799,C
9660,C
14490,C
18164,C
11811,C
9618,C
18158,C
14496,C
18153,C
9621,C
14501,C
18147,C
9630,C
18142,C
14507,C
17993,C
11807,C
9637,C
18131,C
14513,C
18125,C
9644,C
18114,C
14519,C
9649,C
18109,C
14525,C
18103,C
9656,C
18098,C
18136,C
17438,C
9702,C
17981,C
14628,C
9748,C
17890,C
17880,C
14634,C
9755,C
17870,C
17859,C
9762,C
14640,C
11759,C
17847,C
14646,C
9769,C
17836,C
14652,C
17826,C
14658,C
17816,C
17806,C
9774,C
14664,C
17795,C
9781,C
17785,C
9786,C
17775,C
17902,C
11767,C
14622,C
17904,C
14573,C
11781,C
17969,C
9708,C
14579,C
17958,C
17946,C
14585,C
17943,C
9715,C
14591,C
17940,C
9720,C
9703,C
17935,C
17930,C
14597,C
17924,C
9729,C
14603,C
17920,C
17919,C
14609,C
9736,C
17916,C
14616,C
17912,C
9741,C
9724,C
14863,C
9967,C
17432,C
16972,C
10196,C
15070,C
16967,C
10201,C
10204,C
16962,C
11567,C
10209,C
16957,C
15074,C
16952,C
11563,C
16947,C
15078,C
10216,C
16942,C
16927,C
10221,C
11559,C
16922,C
15082,C
10228,C
16917,C
16912,C
15086,C
10233,C
11571,C
16977,C
15066,C
16982,C
15038,C
10153,C
17037,C
11587,C
17032,C
10158,C
17027,C
15042,C
17022,C
15046,C
11583,C
10165,C
17017,C
11555,C
17012,C
17007,C
10170,C
11579,C
17002,C
16997,C
15054,C
10177,C
15058,C
16992,C
10184,C
15062,C
16987,C
10189,C
15050,C
17042,C
16907,C
15090,C
10286,C
16827,C
10294,C
16822,C
16817,C
15122,C
16812,C
10301,C
15126,C
16807,C
10306,C
16802,C
15130,C
16797,C
15134,C
16792,C
10313,C
16787,C
11440,C
10322,C
16782,C
10327,C
16777,C
15138,C
16772,C
10334,C
15142,C
15118,C
16832,C
15114,C
16837,C
11551,C
10240,C
16897,C
10245,C
16892,C
15094,C
16887,C
11533,C
10252,C
16882,C
15098,C
16877,C
10257,C
16902,C
16872,C
10262,C
16867,C
15102,C
16862,C
16857,C
10269,C
15106,C
16852,C
10274,C
16847,C
15110,C
16842,C
10281,C
11485,C
9613,C
11591,C
10146,C
11647,C
17338,C
10019,C
17334,C
11643,C
17324,C
11639,C
10028,C
17314,C
17306,C
10033,C
17298,C
17290,C
17282,C
11635,C
10040,C
17278,C
17274,C
10045,C
17266,C
11631,C
17256,C
10049,C
17252,C
10054,C
17248,C
11627,C
10018,C
10003,C
17344,C
14893,C
17425,C
9974,C
11667,C
17418,C
14868,C
17410,C
14872,C
11663,C
17405,C
9979,C
17399,C
14877,C
9982,C
17244,C
11659,C
17383,C
17382,C
17374,C
9989,C
17369,C
11655,C
17364,C
14882,C
14887,C
9996,C
17359,C
11651,C
17354,C
17391,C
17047,C
17242,C
17240,C
17125,C
17123,C
10109,C
17113,C
11607,C
10115,C
15010,C
11603,C
17101,C
15014,C
17092,C
10122,C
17087,C
15018,C
11599,C
17079,C
10129,C
15022,C
17072,C
10134,C
17066,C
11595,C
15026,C
15030,C
10141,C
17054,C
15034,C
10104,C
17127,C
15006,C
17131,C
14967,C
17230,C
14972,C
10068,C
17218,C
11623,C
17213,C
14978,C
17208,C
10073,C
17198,C
14984,C
17192,C
10061,C
14989,C
11619,C
10082,C
17180,C
11615,C
17170,C
14999,C
10089,C
17158,C
15002,C
10094,C
17146,C
11611,C
10099,C
17186,C
8508,C
10439,C
1788,C
4214,C
2324,C
7121,C
7122,C
5054,C
332,C
331,C
4222,C
5048,C
7137,C
3399,C
3393,C
947,C
5042,C
7150,C
5034,C
7157,C
325,C
2655,C
7165,C
324,C
3386,C
7144,C
5027,C
941,C
5061,C
5096,C
5093,C
7074,C
2331,C
355,C
5086,C
7081,C
3414,C
7088,C
5081,C
7113,C
2649,C
344,C
5076,C
3408,C
7094,C
4208,C
3405,C
7101,C
338,C
5067,C
7107,C
934,C
7173,C
2318,C
7178,C
297,C
3366,C
7239,C
2671,C
984,C
7245,C
4979,C
4253,C
7250,C
289,C
7231,C
4973,C
3359,C
990,C
2883,C
7263,C
4965,C
7269,C
4260,C
7274,C
4264,C
7281,C
7257,C
4987,C
2305,C
7225,C
954,C
5020,C
4232,C
5019,C
7184,C
316,C
5014,C
962,C
5009,C
7191,C
2664,C
7196,C
4238,C
5003,C
7202,C
7205,C
306,C
971,C
7211,C
4244,C
3373,C
7218,C
978,C
5099,C
7066,C
3421,C
7058,C
4149,C
6909,C
5218,C
6915,C
896,C
5211,C
6922,C
427,C
2629,C
3466,C
435,C
6928,C
4157,C
5203,C
6934,C
2356,C
5196,C
6941,C
902,C
6947,C
5187,C
3460,C
426,C
5227,C
6901,C
2363,C
5261,C
6855,C
879,C
5254,C
6860,C
6863,C
456,C
4133,C
3480,C
2369,C
6871,C
5247,C
2623,C
6878,C
5241,C
450,C
6886,C
5234,C
4142,C
888,C
6894,C
3474,C
442,C
6955,C
4956,C
417,C
4165,C
5136,C
919,C
7015,C
5133,C
2641,C
382,C
7022,C
5126,C
3433,C
7029,C
2344,C
5119,C
7036,C
375,C
3427,C
7044,C
4194,C
5112,C
7051,C
368,C
926,C
5105,C
2338,C
7008,C
5141,C
388,C
6962,C
5176,C
5173,C
3453,C
6967,C
5168,C
6974,C
4173,C
2350,C
408,C
6981,C
5161,C
2635,C
6987,C
3446,C
5156,C
399,C
912,C
6994,C
4181,C
5147,C
7000,C
3440,C
5180,C
3352,C
7288,C
281,C
1126,C
4324,C
2213,C
7580,C
3258,C
1132,C
7585,C
2206,C
7591,C
1139,C
7573,C
4813,C
7597,C
7604,C
7609,C
4331,C
7614,C
212,C
2199,C
7620,C
1148,C
7627,C
3251,C
4820,C
2719,C
7566,C
3279,C
7522,C
1094,C
4315,C
7530,C
4834,C
2711,C
7535,C
3272,C
1100,C
2229,C
7542,C
7545,C
1107,C
7551,C
1110,C
2222,C
218,C
1115,C
4826,C
7559,C
3265,C
1116,C
2725,C
2235,C
4806,C
3243,C
4346,C
4792,C
7700,C
2171,C
1209,C
7705,C
3217,C
1216,C
7712,C
3209,C
7693,C
2164,C
192,C
7720,C
4353,C
2158,C
2739,C
7726,C
1228,C
3203,C
4778,C
2152,C
1222,C
1202,C
7687,C
4797,C
1158,C
1162,C
2193,C
7641,C
3238,C
7647,C
206,C
1166,C
7653,C
205,C
1176,C
2187,C
1182,C
3232,C
4338,C
1189,C
7666,C
7673,C
2732,C
3226,C
7679,C
2178,C
199,C
7635,C
5267,C
1087,C
7514,C
1011,C
2288,C
7348,C
4918,C
2686,C
251,C
3327,C
4911,C
7355,C
4282,C
3333,C
7363,C
1017,C
4898,C
7371,C
3321,C
4894,C
7377,C
4287,C
2278,C
7383,C
4887,C
4904,C
1010,C
7339,C
4925,C
2298,C
997,C
7295,C
274,C
4949,C
2680,C
7302,C
3346,C
1003,C
4270,C
7310,C
266,C
4939,C
7316,C
3340,C
1009,C
3339,C
4276,C
4931,C
7327,C
7328,C
7329,C
258,C
7390,C
227,C
3315,C
7397,C
2699,C
7456,C
1053,C
4854,C
7462,C
1061,C
3294,C
7468,C
4306,C
1069,C
235,C
3288,C
4848,C
7489,C
7495,C
1079,C
7502,C
4842,C
2244,C
7507,C
228,C
2705,C
2251,C
4301,C
1045,C
7450,C
4877,C
3314,C
7403,C
244,C
1024,C
3309,C
4868,C
7410,C
7417,C
7420,C
7425,C
4295,C
2694,C
1032,C
7429,C
2266,C
7433,C
4861,C
1039,C
3302,C
2260,C
7444,C
236,C
4878,C
6847,C
4126,C
6841,C
6299,C
616,C
3960,C
5854,C
6308,C
3685,C
5849,C
6315,C
5846,C
5840,C
6298,C
2538,C
3967,C
5833,C
6328,C
3675,C
5826,C
609,C
752,C
5820,C
6335,C
2451,C
6322,C
5861,C
3691,C
619,C
5894,C
6247,C
644,C
3940,C
3713,C
738,C
6253,C
3945,C
6260,C
635,C
3705,C
5880,C
3951,C
6269,C
627,C
5873,C
6277,C
2461,C
2458,C
3697,C
6284,C
745,C
6290,C
3669,C
2529,C
6341,C
3975,C
6401,C
4004,C
6408,C
3631,C
4010,C
6416,C
4016,C
2554,C
3625,C
2432,C
2438,C
6422,C
3619,C
6430,C
783,C
4023,C
6437,C
3613,C
790,C
6444,C
6447,C
6452,C
776,C
3637,C
6395,C
5783,C
6354,C
5810,C
3662,C
6361,C
6362,C
603,C
602,C
3982,C
2547,C
6369,C
3988,C
3655,C
762,C
2445,C
6375,C
5802,C
769,C
3646,C
6382,C
594,C
6388,C
5790,C
3996,C
6342,C
580,C
6241,C
5902,C
2477,C
2500,C
3785,C
3860,C
6100,C
6005,C
3779,C
6108,C
3866,C
6114,C
6093,C
5998,C
3772,C
5990,C
713,C
6122,C
3874,C
669,C
3880,C
3766,C
666,C
6128,C
712,C
6012,C
676,C
705,C
3808,C
3802,C
6042,C
6058,C
692,C
3815,C
6036,C
3823,C
6067,C
2485,C
683,C
6029,C
2492,C
3829,C
6075,C
3794,C
6023,C
3835,C
3841,C
6085,C
699,C
3849,C
6016,C
3886,C
5901,C
719,C
6134,C
6192,C
728,C
3921,C
6197,C
3738,C
731,C
5935,C
6205,C
5928,C
6211,C
6189,C
3730,C
5920,C
6218,C
6219,C
3725,C
5913,C
3933,C
6227,C
6228,C
6229,C
650,C
3927,C
5942,C
2516,C
6181,C
2508,C
2471,C
3759,C
6140,C
3892,C
5974,C
6148,C
3753,C
3898,C
6154,C
5968,C
5963,C
3906,C
2467,C
6161,C
658,C
5957,C
6168,C
3915,C
5951,C
5950,C
6175,C
6178,C
5983,C
7733,C
4031,C
2424,C
510,C
5469,C
3510,C
5462,C
6711,C
2392,C
5453,C
5446,C
852,C
499,C
5476,C
5439,C
5433,C
5427,C
6730,C
5419,C
2591,C
853,C
6738,C
6741,C
492,C
4104,C
6724,C
6698,C
2585,C
5482,C
6655,C
5549,C
5546,C
5538,C
6663,C
5532,C
3516,C
5526,C
6670,C
4083,C
6676,C
518,C
839,C
5517,C
6683,C
5510,C
6690,C
5504,C
4091,C
5497,C
2398,C
5489,C
845,C
5410,C
5554,C
6747,C
5404,C
870,C
5317,C
2608,C
6806,C
6809,C
5311,C
5308,C
6814,C
5302,C
6820,C
4118,C
5297,C
871,C
2615,C
6827,C
5290,C
2378,C
872,C
5283,C
6835,C
3486,C
5276,C
465,C
473,C
5325,C
474,C
3502,C
6754,C
5395,C
5392,C
5385,C
4111,C
6762,C
2599,C
5379,C
5378,C
6768,C
861,C
5371,C
6776,C
5360,C
484,C
5348,C
6783,C
5347,C
3495,C
5337,C
6792,C
5331,C
2385,C
799,C
6649,C
6645,C
5719,C
6510,C
3570,C
6515,C
6519,C
5713,C
806,C
6525,C
5706,C
5700,C
6507,C
5699,C
3562,C
6533,C
564,C
5691,C
4048,C
6541,C
3554,C
5685,C
558,C
6548,C
2566,C
5724,C
3576,C
5733,C
5774,C
6460,C
3605,C
5768,C
6467,C
3597,C
5762,C
6473,C
2560,C
5754,C
6481,C
6486,C
3591,C
3588,C
5745,C
6493,C
3583,C
574,C
5739,C
4040,C
6500,C
573,C
2418,C
5676,C
5560,C
5668,C
5662,C
3527,C
2406,C
5603,C
6608,C
4069,C
5595,C
6614,C
6619,C
5588,C
6626,C
2407,C
5582,C
833,C
6632,C
5576,C
2578,C
5569,C
6639,C
531,C
5568,C
4075,C
5563,C
3522,C
6601,C
5610,C
4063,C
6557,C
6558,C
6559,C
3548,C
2413,C
5656,C
4055,C
5649,C
549,C
3540,C
6573,C
816,C
6580,C
5640,C
5633,C
3534,C
5627,C
541,C
6588,C
823,C
5617,C
6594,C
2572,C
815,C
7739,C
6050,C
44,C
52,C
4402,C
7950,C
8315,C
1631,C
1632,C
3118,C
140,C
7944,C
1868,C
1402,C
7939,C
1863,C
2054,C
4583,C
2961,C
7932,C
1641,C
3125,C
8327,C
2792,C
2064,C
4395,C
4707,C
1857,C
7926,C
4576,C
8333,C
2861,C
146,C
3124,C
1411,C
7955,C
1628,C
4592,C
1612,C
4686,C
2033,C
8297,C
133,C
7991,C
3104,C
2976,C
4408,C
1883,C
7984,C
4692,C
1619,C
1424,C
2040,C
4693,C
8309,C
4699,C
7960,C
2046,C
2968,C
2854,C
1389,C
7967,C
3110,C
4482,C
1874,C
1418,C
7974,C
58,C
8303,C
2955,C
1649,C
7920,C
4724,C
7881,C
2784,C
28,C
4495,C
1349,C
7878,C
8365,C
2943,C
1680,C
2088,C
8370,C
7873,C
4730,C
1843,C
1837,C
7866,C
2101,C
21,C
2770,C
1831,C
161,C
4382,C
7886,C
8383,C
7860,C
1690,C
2937,C
8376,C
1336,C
2777,C
1326,C
2798,C
1356,C
2084,C
1652,C
2072,C
4490,C
3132,C
2073,C
1658,C
7915,C
8339,C
7912,C
1379,C
36,C
2950,C
8346,C
4713,C
4570,C
1664,C
7907,C
7894,C
3144,C
1363,C
153,C
4720,C
8353,C
8359,C
1672,C
7901,C
1851,C
4567,C
3138,C
4388,C
1369,C
2080,C
4414,C
66,C
8291,C
4628,C
4653,C
8203,C
1557,C
1967,C
3020,C
1502,C
3055,C
2822,C
8209,C
4455,C
4627,C
1923,C
4433,C
8107,C
8216,C
1564,C
4621,C
8224,C
1492,C
1572,C
8095,C
8221,C
8120,C
3013,C
83,C
8100,C
1921,C
1974,C
1922,C
104,C
82,C
1981,C
1551,C
1509,C
4642,C
2828,C
1529,C
4446,C
8157,C
8169,C
8152,C
1538,C
1948,C
8176,C
1941,C
3029,C
1521,C
89,C
8145,C
4636,C
3043,C
8196,C
4439,C
8126,C
8131,C
95,C
1957,C
3049,C
1933,C
8188,C
4648,C
8137,C
1515,C
8141,C
8182,C
1544,C
1696,C
8090,C
4662,C
2006,C
2995,C
3085,C
1593,C
8263,C
8032,C
1455,C
1896,C
2806,C
1454,C
8268,C
2989,C
8026,C
8275,C
4679,C
4475,C
124,C
3097,C
1438,C
2983,C
1890,C
4476,C
1604,C
8039,C
2022,C
2846,C
8015,C
8282,C
4600,C
2015,C
8020,C
1444,C
8087,C
118,C
4423,C
2838,C
8232,C
111,C
4463,C
8079,C
1483,C
8237,C
3004,C
1579,C
3069,C
8072,C
2814,C
1989,C
8243,C
1476,C
8067,C
3075,C
4608,C
1587,C
8046,C
1469,C
1995,C
75,C
8256,C
8249,C
8052,C
4669,C
1586,C
8060,C
4468,C
4615,C
1906,C
4737,C
8162,C
2915,C
5,C
8415,C
7823,C
13,C
3189,C
1298,C
2890,C
4764,C
8421,C
1769,C
1731,C
167,C
7816,C
7766,C
1737,C
1257,C
1258,C
4549,C
1724,C
2142,C
4374,C
4362,C
2925,C
2109,C
1824,C
8405,C
7753,C
1776,C
7835,C
3168,C
8486,C
4744,C
1823,C
1304,C
7830,C
1249,C
7759,C
8410,C
2763,C
1718,C
1798,C
7773,C
8480,C
7782,C
3181,C
8445,C
1280,C
1760,C
8464,C
2907,C
1806,C
4368,C
2128,C
8450,C
4536,C
1753,C
2755,C
1271,C
177,C
8459,C
8456,C
7790,C
2868,C
4509,C
3174,C
8428,C
2898,C
1291,C
4542,C
2115,C
4750,C
1815,C
1746,C
4531,C
7810,C
2876,C
8433,C
2135,C
2916,C
8472,C
2121,C
4757,C
8438,C
1264,C
4517,C
7797,C
7847,C
8498,C
1313,C
4503,C
185,C
4381,C
7747,C
4556,C
2747,C
8497,C
8391,C
4522,C
4772,C
1239,C
1320,C
2931,C
1782,C
1242,C
8398,C
1712,C
3196,C
1704,C
8499,C
3158,C
7853,C
7842,C
5609,D
11684,D
822,D
5997,D
11680,D
1805,D
11692,D
5391,D
3865,D
11216,D
4110,D
19349,D
14635,D
19720,D
1905,D
11221,D
11854,D
11688,D
17860,D
17400,D
14695,D
5616,D
17542,D
6004,D
1549,D
17931,D
6011,D
1787,D
13798,D
3859,D
11712,D
17583,D
6041,D
831,D
19341,D
17392,D
8507,D
11708,D
16628,D
5594,D
4467,D
17871,D
11704,D
11696,D
1585,D
691,D
4062,D
860,D
5602,D
17339,D
11700,D
17587,D
2384,D
14689,D
5403,D
11211,D
4068,D
13840,D
4614,D
5384,D
19365,D
17411,D
11644,D
3879,D
17939,D
17936,D
5661,D
4535,D
11862,D
1895,D
17837,D
11648,D
11147,D
19705,D
13574,D
4054,D
5655,D
13770,D
5989,D
17594,D
11628,D
19388,D
14713,D
11632,D
16738,D
11237,D
5675,D
5377,D
11636,D
814,D
17827,D
5667,D
11640,D
718,D
3873,D
11652,D
16633,D
5639,D
11668,D
711,D
17848,D
5632,D
19795,D
1537,D
14701,D
5587,D
11226,D
4641,D
13777,D
5626,D
11676,D
11672,D
14707,D
1592,D
19267,D
17406,D
4474,D
11656,D
1947,D
17538,D
5648,D
11664,D
2412,D
19373,D
11660,D
4607,D
16713,D
1759,D
16613,D
13357,D
16718,D
5409,D
13329,D
5496,D
17565,D
11179,D
19310,D
844,D
1797,D
5432,D
11782,D
1775,D
5488,D
3834,D
11174,D
14659,D
1563,D
13819,D
5481,D
6022,D
4626,D
3822,D
5516,D
16723,D
17905,D
11768,D
17906,D
5503,D
3840,D
14665,D
17551,D
4103,D
11826,D
16618,D
4090,D
5509,D
11822,D
17360,D
11790,D
17569,D
17355,D
1550,D
3828,D
11808,D
2391,D
17921,D
851,D
1781,D
1932,D
11812,D
5452,D
6028,D
5445,D
19780,D
5461,D
4454,D
14653,D
2484,D
2397,D
13290,D
5475,D
11166,D
11796,D
16733,D
16728,D
19301,D
13602,D
14647,D
5438,D
11800,D
5468,D
1556,D
19765,D
4530,D
17574,D
11186,D
5567,D
17891,D
19735,D
17370,D
17556,D
17345,D
17560,D
1918,D
11734,D
4620,D
16623,D
1768,D
11838,D
17578,D
5559,D
19326,D
1577,D
11156,D
832,D
11206,D
5581,D
17881,D
1578,D
2476,D
4462,D
5575,D
13322,D
13588,D
4074,D
3814,D
19276,D
1940,D
14683,D
14641,D
11161,D
5553,D
5531,D
1543,D
19750,D
5525,D
5524,D
4635,D
17365,D
14671,D
3848,D
5426,D
11760,D
698,D
17547,D
13274,D
19293,D
6035,D
5418,D
11750,D
1919,D
14677,D
4516,D
1920,D
11196,D
17925,D
11742,D
5545,D
2405,D
3885,D
11834,D
5537,D
4082,D
1571,D
838,D
19318,D
704,D
17487,D
13371,D
3974,D
13469,D
19540,D
2450,D
17709,D
13532,D
5809,D
11315,D
13707,D
16658,D
5927,D
13665,D
14815,D
3981,D
11310,D
3926,D
14821,D
19555,D
14827,D
1850,D
19645,D
14833,D
19570,D
13700,D
17702,D
11320,D
5825,D
16653,D
13476,D
4566,D
5819,D
5818,D
14878,D
5919,D
1671,D
11428,D
1717,D
1663,D
4494,D
14809,D
3986,D
14797,D
1648,D
19508,D
3995,D
14888,D
5941,D
4489,D
4548,D
5789,D
14791,D
16668,D
1822,D
5782,D
17459,D
17727,D
14785,D
13448,D
11300,D
768,D
5801,D
17463,D
11305,D
3987,D
11454,D
761,D
2466,D
1657,D
1856,D
5934,D
19534,D
14803,D
1723,D
16663,D
4575,D
767,D
2444,D
19516,D
14883,D
4003,D
11415,D
3932,D
11342,D
17482,D
5872,D
13504,D
11372,D
4555,D
3939,D
14854,D
1689,D
11377,D
17675,D
744,D
17659,D
1703,D
14869,D
14849,D
19600,D
11367,D
13679,D
17667,D
17663,D
14864,D
11352,D
3944,D
1695,D
19615,D
11347,D
1830,D
19630,D
16643,D
11357,D
14859,D
13511,D
11362,D
5879,D
5893,D
3950,D
11337,D
5832,D
16648,D
1836,D
17491,D
5845,D
1711,D
11402,D
14839,D
17696,D
3966,D
1678,D
11407,D
5839,D
13483,D
751,D
11411,D
17469,D
5912,D
11325,D
11329,D
1679,D
14873,D
5906,D
1688,D
19585,D
5899,D
17682,D
3959,D
1842,D
5900,D
17474,D
11387,D
5860,D
14844,D
4502,D
11392,D
17692,D
5853,D
2457,D
11397,D
11382,D
17497,D
11295,D
13441,D
5973,D
11584,D
17433,D
1882,D
11260,D
13749,D
19675,D
5738,D
11588,D
16703,D
11592,D
17796,D
13392,D
5723,D
14725,D
4591,D
5732,D
13742,D
17786,D
1618,D
11265,D
5753,D
11572,D
2470,D
13651,D
14731,D
17439,D
5748,D
13406,D
11576,D
4481,D
5744,D
4039,D
3897,D
4541,D
11580,D
805,D
11255,D
17776,D
17507,D
3891,D
17817,D
17419,D
11616,D
11245,D
4599,D
5698,D
14719,D
13756,D
4047,D
5690,D
17512,D
11624,D
16708,D
1603,D
19690,D
13763,D
11620,D
13644,D
11612,D
5705,D
5981,D
17426,D
5718,D
11600,D
19396,D
17601,D
11250,D
1611,D
17807,D
5712,D
11604,D
2417,D
1752,D
737,D
5982,D
11608,D
1889,D
11596,D
17622,D
1814,D
11568,D
13434,D
19491,D
5949,D
14761,D
16688,D
19481,D
4022,D
1862,D
19468,D
17452,D
11285,D
17747,D
1867,D
14755,D
16638,D
4508,D
782,D
17737,D
3920,D
775,D
727,D
2437,D
14779,D
4008,D
19660,D
1730,D
4009,D
16683,D
1736,D
14773,D
1640,D
11290,D
14767,D
4015,D
11508,D
13721,D
11866,D
17503,D
19460,D
2431,D
788,D
17444,D
11275,D
5773,D
16698,D
11556,D
17764,D
5767,D
14737,D
11560,D
19408,D
5962,D
11270,D
5761,D
13413,D
11564,D
2423,D
3905,D
11552,D
5684,D
1627,D
798,D
4582,D
789,D
1745,D
11534,D
14749,D
19442,D
11280,D
3914,D
17757,D
4030,D
19432,D
16693,D
14743,D
17448,D
3913,D
5956,D
19424,D
1873,D
18348,D
1508,D
5370,D
12474,D
16883,D
18833,D
17102,D
18236,D
14346,D
18829,D
1031,D
14344,D
4867,D
18240,D
1335,D
14064,D
18820,D
2265,D
1038,D
18244,D
18812,D
18248,D
16888,D
17093,D
16878,D
12470,D
4729,D
4886,D
12446,D
18856,D
4885,D
16868,D
12452,D
2277,D
2087,D
1348,D
18226,D
12954,D
4876,D
12458,D
16873,D
14353,D
12464,D
4294,D
18844,D
1023,D
14057,D
18231,D
4860,D
14050,D
14332,D
17088,D
18779,D
1319,D
18262,D
12538,D
12914,D
16903,D
18772,D
2250,D
18766,D
1068,D
4847,D
16908,D
14304,D
1078,D
17080,D
14302,D
18760,D
18266,D
1312,D
2243,D
4380,D
16898,D
12530,D
14316,D
4300,D
18806,D
1044,D
18253,D
12506,D
2259,D
14071,D
16893,D
18800,D
14325,D
1325,D
1052,D
2100,D
18793,D
4305,D
1060,D
4853,D
4736,D
18788,D
18783,D
18258,D
12930,D
1355,D
12440,D
4893,D
12356,D
13002,D
2071,D
1388,D
4955,D
2297,D
16843,D
18193,D
12362,D
17132,D
14402,D
4948,D
4712,D
12368,D
17128,D
18904,D
1002,D
12374,D
14395,D
4269,D
12994,D
18916,D
18187,D
4394,D
12326,D
2062,D
2304,D
18942,D
4972,D
12332,D
18176,D
989,D
2063,D
14416,D
4258,D
4259,D
18929,D
4964,D
12344,D
16838,D
996,D
18182,D
12350,D
6049,D
4263,D
17126,D
17124,D
12380,D
18891,D
17114,D
18212,D
4917,D
2287,D
12970,D
12416,D
16858,D
18868,D
2083,D
4910,D
12422,D
4281,D
14372,D
4903,D
12428,D
1016,D
1362,D
4387,D
12434,D
16863,D
4286,D
12410,D
2108,D
14379,D
14043,D
4938,D
16848,D
12386,D
14388,D
1008,D
1378,D
4274,D
12986,D
12392,D
4275,D
14036,D
2079,D
4930,D
12398,D
18207,D
16853,D
18879,D
4924,D
12404,D
14381,D
4719,D
1368,D
16913,D
18753,D
4841,D
14204,D
1263,D
1188,D
12714,D
2186,D
18324,D
17048,D
16993,D
18431,D
1181,D
14197,D
4366,D
14127,D
18423,D
1201,D
14192,D
18330,D
4796,D
4344,D
4763,D
2181,D
2134,D
12706,D
16988,D
12682,D
12850,D
18581,D
1161,D
4756,D
14115,D
4805,D
18314,D
17055,D
12690,D
16983,D
18568,D
1165,D
2192,D
12698,D
1169,D
4367,D
14211,D
4337,D
1175,D
18319,D
4345,D
18415,D
17043,D
16998,D
17018,D
18378,D
18342,D
17038,D
1227,D
2157,D
4771,D
17023,D
18372,D
17033,D
14155,D
18366,D
4361,D
18360,D
17028,D
14148,D
4777,D
12794,D
1238,D
2151,D
2150,D
1247,D
1270,D
1221,D
1248,D
1256,D
2177,D
14183,D
18407,D
17003,D
4791,D
2141,D
1208,D
2170,D
18334,D
17008,D
18395,D
1214,D
18390,D
1215,D
14171,D
18338,D
17013,D
14169,D
4352,D
18384,D
2163,D
4706,D
14218,D
1157,D
4833,D
12890,D
12594,D
2228,D
18712,D
1106,D
2114,D
16943,D
1297,D
14276,D
18284,D
18700,D
16948,D
1114,D
4373,D
4749,D
12610,D
2221,D
18688,D
4825,D
17067,D
18724,D
14092,D
18280,D
18270,D
14085,D
12562,D
1086,D
14295,D
18746,D
16918,D
18275,D
16923,D
14288,D
4743,D
18738,D
1093,D
4314,D
2234,D
18732,D
17073,D
1099,D
12586,D
1303,D
16928,D
14099,D
14262,D
18676,D
14260,D
18302,D
18630,D
2205,D
4812,D
12658,D
14234,D
18618,D
1279,D
14232,D
18306,D
1147,D
16973,D
12858,D
14113,D
2198,D
18310,D
18606,D
14225,D
16978,D
18594,D
12674,D
2127,D
14220,D
4330,D
12650,D
4323,D
18288,D
16953,D
18664,D
16958,D
1290,D
1125,D
1131,D
4819,D
18292,D
2119,D
2120,D
2212,D
16963,D
14246,D
18642,D
18297,D
1138,D
14106,D
16968,D
12866,D
4329,D
4978,D
17147,D
14423,D
12014,D
2362,D
19188,D
5217,D
1980,D
12020,D
895,D
14568,D
12026,D
4661,D
4156,D
5210,D
16768,D
12032,D
14562,D
18034,D
19180,D
13170,D
17279,D
17275,D
1491,D
13178,D
14574,D
19194,D
5240,D
14586,D
11990,D
4141,D
19202,D
887,D
4432,D
5233,D
11996,D
17291,D
14580,D
18012,D
13186,D
12002,D
13896,D
18023,D
5226,D
4148,D
12008,D
17283,D
16763,D
12038,D
901,D
18045,D
5202,D
12074,D
14544,D
4172,D
1475,D
18060,D
911,D
12080,D
16778,D
1994,D
4668,D
5160,D
14538,D
12086,D
17257,D
5155,D
13924,D
12092,D
2349,D
19145,D
14532,D
12098,D
5167,D
11984,D
12068,D
5172,D
1988,D
12044,D
2355,D
5195,D
13162,D
14556,D
12050,D
16773,D
1482,D
13910,D
5186,D
4164,D
12056,D
19174,D
18050,D
14550,D
12062,D
19166,D
13912,D
18055,D
17267,D
13917,D
4180,D
1973,D
17299,D
4117,D
1520,D
869,D
11904,D
13234,D
5316,D
11908,D
16743,D
17325,D
5324,D
17959,D
1956,D
5307,D
14617,D
11916,D
4647,D
5301,D
11920,D
1514,D
5296,D
11912,D
4445,D
11898,D
19262,D
14629,D
11874,D
13847,D
5359,D
5358,D
1528,D
11878,D
5346,D
5345,D
11882,D
5344,D
5343,D
17335,D
5342,D
11886,D
17947,D
5336,D
13242,D
11894,D
5330,D
14623,D
11924,D
4124,D
19253,D
17970,D
5260,D
11960,D
4132,D
19216,D
4438,D
14141,D
11966,D
17994,D
1966,D
14598,D
5253,D
13882,D
16753,D
11972,D
19210,D
1501,D
18001,D
5246,D
11978,D
14592,D
2368,D
4652,D
16758,D
11956,D
5266,D
11928,D
5289,D
17315,D
11932,D
13218,D
2377,D
11936,D
5282,D
13868,D
14610,D
11940,D
4125,D
17982,D
5275,D
11944,D
19232,D
11948,D
16748,D
878,D
17307,D
11952,D
14604,D
13250,D
18066,D
17253,D
1423,D
17187,D
14461,D
19065,D
18143,D
952,D
12248,D
4231,D
953,D
12242,D
4407,D
5025,D
12254,D
1417,D
18148,D
14455,D
4698,D
12260,D
2317,D
17181,D
5026,D
5033,D
16813,D
12236,D
18126,D
18132,D
5053,D
12218,D
14473,D
17193,D
4691,D
4221,D
18137,D
19075,D
2039,D
12224,D
16808,D
946,D
13980,D
5047,D
12230,D
14467,D
13066,D
5041,D
2323,D
2045,D
5018,D
12266,D
961,D
14437,D
16823,D
18965,D
18165,D
12302,D
16828,D
14430,D
12308,D
18959,D
2053,D
13026,D
4986,D
4251,D
1401,D
12314,D
4252,D
983,D
14008,D
18170,D
16833,D
12320,D
12296,D
12212,D
17159,D
14003,D
13994,D
5013,D
12272,D
14449,D
18154,D
13042,D
5008,D
4237,D
12278,D
17171,D
16818,D
5002,D
12284,D
1410,D
14443,D
18974,D
970,D
12290,D
4243,D
18159,D
4401,D
977,D
19129,D
14479,D
2032,D
17241,D
14514,D
4422,D
12134,D
5118,D
18088,D
4193,D
2337,D
12140,D
19113,D
14508,D
1453,D
5111,D
12146,D
16793,D
19105,D
17231,D
925,D
4678,D
12152,D
13938,D
12128,D
16788,D
5125,D
1468,D
5146,D
12104,D
14526,D
17249,D
16783,D
12110,D
918,D
18071,D
5140,D
13931,D
12116,D
2343,D
2005,D
5132,D
18077,D
17245,D
12122,D
14520,D
17243,D
18082,D
2336,D
19101,D
2014,D
5104,D
17209,D
18110,D
5075,D
13090,D
12188,D
4685,D
4207,D
19091,D
16803,D
1437,D
12194,D
14485,D
940,D
5066,D
18115,D
12200,D
4213,D
19083,D
4413,D
12206,D
17199,D
1443,D
5060,D
14491,D
12182,D
12158,D
14502,D
18093,D
16798,D
12164,D
14497,D
17219,D
18099,D
5092,D
12170,D
13952,D
19096,D
18104,D
2021,D
5085,D
2330,D
12176,D
2329,D
933,D
13098,D
5080,D
17214,D
14409,D
12338,D
11142,D
9569,D
20467,D
7534,D
2710,D
9576,D
7529,D
16358,D
9581,D
15668,D
3278,D
9585,D
15674,D
9588,D
20454,D
9593,D
15662,D
9595,D
226,D
9600,D
7513,D
16363,D
9607,D
7506,D
15656,D
7521,D
7541,D
9564,D
3271,D
7584,D
3257,D
9522,D
7579,D
16348,D
9527,D
9529,D
15692,D
7572,D
217,D
9535,D
2718,D
9540,D
7565,D
15686,D
3264,D
9545,D
9547,D
7558,D
16353,D
9552,D
20473,D
15680,D
9557,D
7550,D
9612,D
7501,D
3287,D
9617,D
20410,D
9671,D
15626,D
7432,D
7428,D
9678,D
7424,D
3308,D
9683,D
7416,D
2693,D
15620,D
9690,D
20400,D
7409,D
243,D
3313,D
9699,D
9700,D
7402,D
15614,D
9707,D
7396,D
7389,D
16378,D
16373,D
9517,D
3301,D
15632,D
7494,D
2704,D
7488,D
15650,D
20438,D
9629,D
15644,D
3293,D
7467,D
16368,D
9636,D
20426,D
7461,D
9641,D
9643,D
15638,D
234,D
9648,D
7455,D
2698,D
9653,D
9655,D
7449,D
9659,D
7443,D
9664,D
15698,D
7590,D
9513,D
15770,D
9366,D
7732,D
3202,D
9372,D
20549,D
7725,D
15764,D
9378,D
191,D
3208,D
2738,D
9385,D
7719,D
15758,D
9390,D
20533,D
7711,D
16328,D
9398,D
15752,D
3216,D
7704,D
2737,D
9405,D
9364,D
7699,D
20559,D
16323,D
9315,D
20585,D
16313,D
184,D
9321,D
7772,D
7765,D
15788,D
9328,D
3188,D
16318,D
9333,D
7758,D
20570,D
15782,D
9340,D
7752,D
7746,D
9347,D
3195,D
2746,D
15776,D
9352,D
9354,D
7738,D
9359,D
9714,D
9410,D
20518,D
15722,D
3242,D
9470,D
7640,D
15716,D
9475,D
7634,D
20482,D
211,D
16343,D
9482,D
7626,D
9487,D
15710,D
7619,D
9494,D
7613,D
3250,D
7608,D
2724,D
9501,D
7603,D
15704,D
9508,D
7596,D
9464,D
15746,D
7646,D
9457,D
16333,D
9415,D
7692,D
198,D
9422,D
7686,D
15740,D
3225,D
9427,D
7678,D
2731,D
9434,D
7672,D
15734,D
9439,D
7665,D
3231,D
9444,D
20503,D
204,D
15728,D
9450,D
16338,D
20487,D
3237,D
7652,D
20390,D
15608,D
9719,D
7119,D
7118,D
7112,D
15487,D
9988,D
337,D
7106,D
3403,D
3404,D
9995,D
7100,D
16428,D
15481,D
10002,D
7093,D
342,D
343,D
15475,D
3413,D
10015,D
10016,D
10017,D
354,D
7087,D
7080,D
7120,D
2648,D
9978,D
15493,D
15511,D
9929,D
7177,D
3385,D
323,D
9935,D
7172,D
7164,D
9942,D
15505,D
9947,D
7156,D
16423,D
3392,D
9953,D
9954,D
9955,D
7149,D
7143,D
15499,D
330,D
2654,D
9966,D
7136,D
9973,D
3398,D
16418,D
10027,D
15469,D
2640,D
10088,D
387,D
7007,D
3439,D
10093,D
15439,D
10098,D
6999,D
16443,D
10103,D
10108,D
6993,D
15433,D
398,D
3445,D
10114,D
6986,D
15427,D
10121,D
6980,D
407,D
10128,D
6973,D
3452,D
15445,D
7073,D
7014,D
7021,D
10032,D
3420,D
7065,D
16433,D
10039,D
367,D
7057,D
10044,D
15463,D
10048,D
7050,D
3426,D
10053,D
7043,D
15457,D
10060,D
374,D
7035,D
16438,D
10067,D
7028,D
15451,D
10072,D
3432,D
381,D
10081,D
15794,D
9924,D
7183,D
9773,D
7326,D
7325,D
3337,D
3338,D
9780,D
15578,D
9785,D
265,D
7315,D
16388,D
9790,D
3807,D
9795,D
7309,D
15572,D
3345,D
273,D
9802,D
7301,D
9807,D
15566,D
7294,D
3351,D
9814,D
15584,D
280,D
9768,D
7338,D
7382,D
9723,D
3320,D
7376,D
9728,D
15602,D
7370,D
16383,D
9735,D
3326,D
9740,D
7362,D
15596,D
20380,D
7354,D
9747,D
250,D
3331,D
9754,D
7347,D
15590,D
20373,D
3332,D
9761,D
257,D
2685,D
9922,D
9819,D
2679,D
2670,D
7224,D
9879,D
15536,D
7217,D
3372,D
9886,D
305,D
7210,D
9893,D
15530,D
16408,D
7201,D
9900,D
315,D
15524,D
9905,D
7195,D
2663,D
9910,D
16413,D
9912,D
7190,D
9917,D
15518,D
7230,D
7287,D
9872,D
296,D
9824,D
7280,D
15560,D
7273,D
16393,D
9831,D
7268,D
9836,D
7262,D
15554,D
9841,D
3358,D
7256,D
16398,D
9848,D
288,D
7249,D
15548,D
9855,D
7244,D
3365,D
9860,D
7238,D
15542,D
9867,D
16403,D
2754,D
7781,D
3180,D
2988,D
8771,D
8281,D
16043,D
8274,D
16218,D
8778,D
8267,D
20943,D
16039,D
8784,D
8262,D
2994,D
8789,D
8255,D
2845,D
8795,D
74,D
16033,D
16223,D
8802,D
8248,D
20931,D
16028,D
8807,D
8766,D
8242,D
16049,D
16213,D
8314,D
16203,D
8719,D
8308,D
16072,D
8724,D
16208,D
20969,D
57,D
16065,D
2853,D
20961,D
2975,D
65,D
16060,D
8742,D
8302,D
8747,D
8296,D
16055,D
20952,D
8753,D
8290,D
2982,D
8759,D
8288,D
8713,D
3003,D
8236,D
3028,D
8871,D
20902,D
8181,D
15997,D
8878,D
8175,D
16238,D
15993,D
8884,D
8168,D
3035,D
8889,D
15988,D
8895,D
8161,D
2827,D
8156,D
15984,D
8903,D
8151,D
3042,D
20893,D
94,D
8910,D
8187,D
8813,D
16233,D
16002,D
8818,D
16022,D
8231,D
3012,D
8825,D
20921,D
81,D
16017,D
8831,D
8220,D
16228,D
8839,D
8215,D
16012,D
8844,D
20912,D
3019,D
8850,D
8208,D
16007,D
8202,D
2837,D
8857,D
88,D
8195,D
8864,D
8144,D
2967,D
51,D
2914,D
8564,D
8449,D
8569,D
8444,D
16139,D
8437,D
8432,D
8578,D
8427,D
12,D
16134,D
8584,D
8585,D
16188,D
8420,D
2923,D
8593,D
8414,D
16128,D
8599,D
8409,D
2924,D
8404,D
8606,D
8559,D
8397,D
8455,D
16183,D
8496,D
16173,D
8514,D
8495,D
8494,D
2882,D
21047,D
8521,D
16162,D
4,D
2889,D
21037,D
8531,D
8485,D
16178,D
8536,D
8479,D
2897,D
8541,D
8471,D
21032,D
2906,D
8548,D
8463,D
2875,D
8554,D
20977,D
16123,D
2930,D
2949,D
16198,D
21004,D
35,D
16095,D
8672,D
8345,D
20999,D
2954,D
8682,D
8338,D
16089,D
43,D
8689,D
8332,D
16084,D
8695,D
20991,D
8326,D
8699,D
2960,D
8703,D
2860,D
20984,D
16079,D
8665,D
21024,D
8352,D
16101,D
8614,D
8390,D
2867,D
8620,D
16117,D
21019,D
20,D
16193,D
8627,D
2936,D
8382,D
21014,D
16112,D
8635,D
8375,D
27,D
8642,D
16107,D
8369,D
21009,D
2942,D
8648,D
8364,D
8655,D
8358,D
8660,D
2634,D
8140,D
8915,D
152,D
3137,D
9169,D
16283,D
15860,D
9174,D
7900,D
20751,D
3143,D
9180,D
7893,D
9184,D
9188,D
7885,D
15854,D
9193,D
2783,D
9195,D
7877,D
16288,D
9200,D
7872,D
15848,D
9206,D
7865,D
7906,D
2776,D
15866,D
9160,D
7943,D
3121,D
9118,D
3122,D
7938,D
15884,D
3123,D
9126,D
7931,D
9131,D
9133,D
15878,D
20776,D
2791,D
9139,D
7925,D
145,D
3131,D
9145,D
7919,D
20763,D
15872,D
16278,D
9154,D
7911,D
9162,D
9113,D
9211,D
15842,D
9266,D
15818,D
9268,D
3167,D
20718,D
2762,D
9275,D
7815,D
7809,D
15812,D
9282,D
20709,D
3173,D
9287,D
9289,D
15806,D
176,D
16308,D
20601,D
9296,D
7796,D
9301,D
7789,D
15800,D
9306,D
7822,D
9213,D
9261,D
16303,D
7859,D
16293,D
9218,D
20739,D
160,D
20727,D
15836,D
9229,D
9230,D
7852,D
3157,D
2769,D
9236,D
9238,D
7846,D
15830,D
166,D
16298,D
9244,D
7841,D
9249,D
7834,D
15824,D
9254,D
7829,D
9259,D
16243,D
20790,D
7949,D
8086,D
20872,D
3068,D
8974,D
110,D
8078,D
15950,D
8981,D
20867,D
116,D
15945,D
8990,D
8071,D
3074,D
8066,D
2813,D
8997,D
8059,D
15941,D
8051,D
9004,D
16258,D
20862,D
9009,D
8045,D
8966,D
117,D
15955,D
8094,D
8136,D
8920,D
8130,D
15978,D
8927,D
8125,D
3048,D
8119,D
15973,D
8935,D
20883,D
3054,D
15969,D
103,D
8943,D
20877,D
15964,D
8948,D
8106,D
16248,D
2821,D
8955,D
8099,D
15959,D
8961,D
16253,D
15890,D
15936,D
8038,D
9065,D
132,D
9070,D
7990,D
3103,D
9075,D
15906,D
7983,D
20805,D
3109,D
9083,D
139,D
7973,D
15901,D
9090,D
2797,D
9095,D
7966,D
15896,D
9100,D
7959,D
3117,D
7954,D
16273,D
9107,D
15911,D
9016,D
20822,D
9060,D
3084,D
9022,D
123,D
8031,D
15931,D
2805,D
9029,D
20853,D
8025,D
15926,D
16263,D
9036,D
8019,D
9041,D
8014,D
9046,D
15921,D
3096,D
8005,D
8004,D
9053,D
8003,D
20839,D
15916,D
131,D
16268,D
10133,D
3777,D
15055,D
6252,D
10500,D
15257,D
6638,D
10916,D
3521,D
15071,D
6259,D
10507,D
10909,D
16558,D
15253,D
6631,D
2577,D
634,D
10514,D
20119,D
6625,D
3704,D
6644,D
10519,D
20137,D
10495,D
10933,D
10476,D
2528,D
20146,D
15063,D
6246,D
10481,D
6662,D
10926,D
15265,D
20141,D
16503,D
15261,D
10488,D
643,D
16563,D
6654,D
530,D
15067,D
3712,D
15249,D
6618,D
15075,D
10886,D
10551,D
6593,D
15233,D
15083,D
16513,D
6587,D
6289,D
10559,D
10879,D
15229,D
20102,D
15087,D
20091,D
6297,D
15227,D
10872,D
3533,D
2571,D
6283,D
540,D
10546,D
15237,D
16508,D
10903,D
6268,D
15245,D
10898,D
3526,D
10529,D
6613,D
20108,D
15269,D
15079,D
10534,D
6607,D
15241,D
10893,D
2537,D
626,D
3696,D
10541,D
6600,D
6276,D
10569,D
6240,D
20151,D
16578,D
10978,D
10413,D
6196,D
10973,D
15043,D
3737,D
20170,D
15289,D
3509,D
6204,D
10418,D
16573,D
6710,D
15285,D
10425,D
20165,D
508,D
509,D
20175,D
10966,D
15039,D
15293,D
10995,D
15035,D
10389,D
6737,D
6174,D
15301,D
20180,D
10990,D
16583,D
10396,D
6729,D
15297,D
2590,D
10401,D
6188,D
16493,D
6723,D
498,D
10983,D
10408,D
15047,D
10430,D
6210,D
20155,D
6689,D
6688,D
6225,D
6226,D
10945,D
6682,D
16568,D
15273,D
649,D
517,D
3515,D
10938,D
15059,D
10464,D
6675,D
2584,D
10469,D
648,D
3724,D
10451,D
10450,D
10449,D
19907,D
20160,D
10959,D
15281,D
6697,D
10438,D
16498,D
15051,D
3729,D
6669,D
15277,D
10443,D
10444,D
10445,D
6217,D
10446,D
10447,D
10952,D
6407,D
10448,D
10442,D
10384,D
10570,D
3690,D
6466,D
3603,D
10701,D
6368,D
15167,D
579,D
3604,D
19969,D
10706,D
6459,D
15119,D
2559,D
10800,D
15163,D
20019,D
16528,D
10713,D
3654,D
6451,D
10696,D
601,D
15171,D
3596,D
6499,D
3582,D
2546,D
10672,D
15115,D
10814,D
6492,D
15179,D
10677,D
3587,D
20031,D
10682,D
6485,D
15175,D
6480,D
3661,D
6360,D
10807,D
10689,D
6472,D
15123,D
6374,D
10718,D
6387,D
6421,D
19985,D
10749,D
3645,D
10774,D
6415,D
19993,D
15143,D
6394,D
10755,D
3630,D
15135,D
6400,D
16533,D
593,D
15139,D
10767,D
10762,D
10744,D
15147,D
3624,D
20001,D
19977,D
15159,D
10723,D
10790,D
6443,D
16538,D
3612,D
15127,D
6436,D
10667,D
15155,D
20010,D
3618,D
2553,D
10737,D
6429,D
6381,D
15151,D
10784,D
15131,D
10732,D
10571,D
15183,D
10662,D
15211,D
10596,D
6556,D
557,D
614,D
10602,D
6555,D
15095,D
6554,D
6321,D
10853,D
6553,D
6552,D
16548,D
6551,D
3552,D
10610,D
6547,D
10848,D
20068,D
15099,D
3547,D
20073,D
15223,D
6579,D
615,D
19938,D
6572,D
3539,D
16553,D
15219,D
6307,D
10865,D
20079,D
548,D
15091,D
16518,D
15215,D
6314,D
10587,D
10588,D
3684,D
10858,D
3553,D
15207,D
10615,D
10642,D
3569,D
10647,D
6514,D
19958,D
6340,D
10826,D
16523,D
15191,D
10652,D
6506,D
3668,D
3575,D
15187,D
15111,D
6353,D
20043,D
10819,D
16543,D
15195,D
15107,D
6524,D
10833,D
6540,D
6327,D
20063,D
10843,D
15203,D
10623,D
6539,D
3561,D
563,D
572,D
6532,D
19948,D
15199,D
15103,D
3674,D
608,D
2565,D
20053,D
6334,D
10637,D
10632,D
16488,D
3636,D
6854,D
6805,D
11068,D
665,D
10312,D
20213,D
15003,D
15341,D
6927,D
682,D
10176,D
11039,D
16463,D
15015,D
10305,D
10256,D
19825,D
11117,D
3765,D
16608,D
3478,D
10181,D
6813,D
16473,D
10300,D
15401,D
2507,D
15345,D
6133,D
10183,D
15405,D
10169,D
10164,D
6940,D
19885,D
3758,D
15369,D
11028,D
3494,D
10326,D
3465,D
15333,D
11097,D
20208,D
6139,D
10321,D
16478,D
6893,D
6066,D
10208,D
15337,D
15019,D
11033,D
472,D
11122,D
10251,D
6859,D
3778,D
471,D
6933,D
15409,D
6074,D
15389,D
10280,D
11102,D
4521,D
6121,D
10278,D
6120,D
15397,D
16468,D
11058,D
14985,D
6914,D
20224,D
15357,D
15007,D
10273,D
11107,D
434,D
2628,D
3793,D
16603,D
10195,D
6840,D
3485,D
10268,D
6846,D
15361,D
6908,D
6834,D
6921,D
10188,D
15353,D
15305,D
19870,D
6819,D
15011,D
6084,D
11048,D
11112,D
10293,D
2614,D
441,D
20218,D
15349,D
16453,D
6127,D
14979,D
6112,D
15365,D
6826,D
3473,D
10200,D
10261,D
10285,D
3771,D
464,D
15393,D
11053,D
6113,D
11063,D
14973,D
6107,D
6791,D
3501,D
16448,D
15377,D
6761,D
11083,D
10232,D
10365,D
10145,D
11007,D
15313,D
6160,D
6159,D
15031,D
10360,D
6885,D
6767,D
6870,D
15317,D
14968,D
20192,D
416,D
6057,D
425,D
6954,D
16458,D
10353,D
3479,D
3459,D
2598,D
491,D
19899,D
675,D
6746,D
674,D
657,D
20185,D
16598,D
2515,D
11000,D
10227,D
15421,D
6966,D
10377,D
6056,D
11137,D
10140,D
6092,D
6877,D
6167,D
11092,D
6166,D
6753,D
6961,D
10372,D
19855,D
15381,D
15309,D
16588,D
11012,D
10220,D
15385,D
20230,D
10341,D
10215,D
455,D
11017,D
19840,D
15415,D
15325,D
483,D
3752,D
2491,D
15023,D
6782,D
2607,D
20202,D
2499,D
10244,D
10333,D
15329,D
10157,D
11073,D
6946,D
11127,D
11023,D
6147,D
10249,D
2622,D
10239,D
16593,D
3784,D
449,D
14990,D
16483,D
6099,D
15373,D
19810,D
6775,D
6153,D
11078,D
10348,D
11132,D
10152,D
15321,D
15027,D
20197,D
3801,D
16129,E
17268,E
16544,E
2922,E
4507,E
3839,E
2812,E
16599,E
13918,E
17258,E
16619,E
15946,E
2498,E
3847,E
2874,E
2545,E
14828,E
16259,E
13666,E
14834,E
2004,E
15937,E
17498,E
3073,E
1993,E
3673,E
16654,E
16135,E
2483,E
3973,E
14986,E
14991,E
3667,E
1821,E
13659,E
16189,E
15922,E
15932,E
3994,E
14969,E
16163,E
3108,E
16269,E
17188,E
1796,E
14798,E
2888,E
3800,E
15907,E
16614,E
2443,E
2038,E
4515,E
13974,E
2552,E
3821,E
13631,E
3102,E
4412,E
13624,E
17194,E
15902,E
2044,E
4002,E
3806,E
15891,E
2490,E
14786,E
2052,E
16669,E
17172,E
17552,E
3116,E
3813,E
16534,E
14792,E
15897,E
2796,E
17182,E
4520,E
13988,E
3644,E
16174,E
4406,E
2881,E
16179,E
2896,E
16664,E
17513,E
2912,E
14816,E
2913,E
2449,E
4421,E
3833,E
3980,E
15927,E
16659,E
14980,E
13645,E
1813,E
16604,E
17232,E
17508,E
2013,E
16184,E
14822,E
16140,E
3792,E
2020,E
17220,E
16264,E
3985,E
15912,E
3653,E
14804,E
17543,E
17200,E
14974,E
16539,E
2031,E
15917,E
1804,E
3083,E
2905,E
16609,E
17210,E
3827,E
3095,E
17215,E
13638,E
3660,E
14810,E
13953,E
2804,E
13960,E
15951,E
1888,E
2456,E
13813,E
17366,E
14874,E
16080,E
4461,E
17453,E
16018,E
1866,E
3723,E
2859,E
3011,E
3931,E
2966,E
17371,E
3896,E
13729,E
16023,E
16589,E
16224,E
1917,E
1916,E
14879,E
3728,E
3895,E
3757,E
3890,E
16229,E
3027,E
16559,E
3943,E
16090,E
17356,E
16003,E
3764,E
16564,E
4453,E
2836,E
1931,E
1915,E
2959,E
13715,E
16085,E
16008,E
3938,E
17361,E
2465,E
3018,E
1861,E
2527,E
4488,E
16013,E
13822,E
14865,E
3002,E
16204,E
3912,E
14889,E
17434,E
17412,E
1894,E
16061,E
2514,E
16044,E
16579,E
4480,E
13764,E
2852,E
2987,E
16214,E
16639,E
16050,E
17427,E
16056,E
3919,E
17420,E
13757,E
16584,E
2981,E
2974,E
16574,E
17407,E
2993,E
1872,E
16073,E
3930,E
16029,E
17393,E
16569,E
2844,E
3751,E
3904,E
13785,E
14884,E
4466,E
16209,E
3925,E
4473,E
17440,E
17401,E
1904,E
16219,E
13778,E
2513,E
16066,E
1881,E
3736,E
16034,E
17492,E
16199,E
1855,E
17292,E
17483,E
16649,E
1972,E
16113,E
15965,E
3689,E
17300,E
14845,E
1835,E
16629,E
3053,E
13876,E
4437,E
2826,E
16194,E
2941,E
13687,E
1841,E
15974,E
16108,E
17308,E
2475,E
4501,E
3864,E
16249,E
2935,E
16124,E
1987,E
16624,E
2929,E
3067,E
16549,E
16254,E
1829,E
13904,E
3858,E
3965,E
3958,E
2506,E
2820,E
1979,E
14840,E
16118,E
17284,E
15960,E
13897,E
4431,E
3783,E
16594,E
1978,E
3683,E
17346,E
1965,E
16554,E
2948,E
15989,E
16239,E
3949,E
3770,E
3878,E
16096,E
17464,E
3034,E
1946,E
14860,E
1945,E
4493,E
13841,E
16234,E
16634,E
3711,E
13708,E
2953,E
1939,E
13834,E
3884,E
15998,E
3703,E
13848,E
14855,E
3041,E
3695,E
3872,E
17316,E
3776,E
15979,E
16244,E
13862,E
2866,E
14850,E
4442,E
13694,E
3047,E
2865,E
4443,E
17326,E
1849,E
13855,E
4444,E
16102,E
16644,E
1955,E
2536,E
2864,E
13701,E
17470,E
15422,E
4046,E
17160,E
15322,E
14389,E
2606,E
15326,E
3344,E
16389,E
15579,E
15573,E
4115,E
2296,E
4268,E
16844,E
4116,E
15567,E
14396,E
14401,E
2684,E
16849,E
4109,E
3330,E
2286,E
15591,E
15314,E
4280,E
16739,E
3500,E
3336,E
15318,E
15585,E
14382,E
14630,E
16484,E
16854,E
15330,E
14403,E
2383,E
4257,E
16399,E
16744,E
14424,E
3364,E
16834,E
16474,E
15346,E
15543,E
2613,E
4250,E
15350,E
16404,E
14431,E
4123,E
15549,E
15342,E
2303,E
14624,E
3350,E
16479,E
15334,E
15561,E
3493,E
14410,E
16839,E
16394,E
15338,E
3357,E
2678,E
15555,E
14417,E
14618,E
15310,E
16829,E
15597,E
16859,E
14654,E
3300,E
2697,E
16729,E
15286,E
15633,E
14326,E
2589,E
4299,E
15290,E
2264,E
14338,E
16374,E
15627,E
16889,E
14340,E
2588,E
4304,E
15278,E
16899,E
2703,E
3292,E
15645,E
4096,E
16894,E
14317,E
14319,E
2257,E
2396,E
16369,E
2258,E
15639,E
15282,E
14648,E
16494,E
16884,E
16379,E
15609,E
14361,E
16489,E
16864,E
3319,E
16869,E
2390,E
4285,E
15603,E
2597,E
14636,E
14368,E
3325,E
15306,E
14642,E
2276,E
15302,E
3508,E
3307,E
14345,E
15294,E
15621,E
16879,E
4102,E
3312,E
16734,E
4293,E
14352,E
2692,E
16874,E
15298,E
15615,E
16384,E
14660,E
15537,E
16824,E
16434,E
15398,E
16794,E
16454,E
3425,E
4155,E
14569,E
2646,E
14509,E
3431,E
4192,E
15402,E
14563,E
15452,E
15458,E
14515,E
15464,E
14503,E
14492,E
4147,E
15390,E
2627,E
14575,E
2647,E
2361,E
15394,E
15470,E
14498,E
16764,E
3419,E
2335,E
3472,E
16799,E
16789,E
16769,E
2342,E
14533,E
15416,E
16774,E
4179,E
14551,E
4178,E
15434,E
16779,E
14539,E
3450,E
3451,E
3458,E
2354,E
4171,E
15428,E
16444,E
3444,E
16449,E
15406,E
16439,E
14521,E
15446,E
3438,E
15410,E
16784,E
14557,E
2639,E
15440,E
14527,E
2348,E
2633,E
3464,E
4163,E
15476,E
16469,E
3412,E
4206,E
2316,E
4236,E
3484,E
2662,E
14605,E
3384,E
15519,E
15366,E
15512,E
16749,E
2621,E
4131,E
16419,E
4230,E
14456,E
16814,E
16414,E
14450,E
3371,E
14438,E
15354,E
2669,E
15531,E
14611,E
16464,E
4242,E
16409,E
15358,E
16819,E
15525,E
15362,E
2376,E
14444,E
15506,E
15370,E
14599,E
3402,E
14480,E
14587,E
15488,E
2328,E
4212,E
16759,E
15382,E
3477,E
14486,E
15482,E
15386,E
2367,E
14581,E
16804,E
4140,E
16459,E
4220,E
14462,E
2322,E
3391,E
16754,E
14468,E
16424,E
16809,E
15500,E
15374,E
14593,E
3397,E
2653,E
15494,E
15378,E
14474,E
16429,E
15651,E
14310,E
16904,E
2761,E
2118,E
15813,E
16524,E
14726,E
3172,E
3581,E
4372,E
2126,E
15807,E
16309,E
16704,E
17056,E
4371,E
3574,E
3179,E
17068,E
16304,E
3595,E
4038,E
2422,E
14081,E
2107,E
4379,E
15819,E
16299,E
17074,E
14732,E
15825,E
3166,E
2113,E
3586,E
2768,E
14114,E
15801,E
3568,E
3194,E
14714,E
17034,E
15777,E
2745,E
14142,E
17039,E
2149,E
17029,E
4360,E
16324,E
15771,E
3551,E
2156,E
16709,E
16519,E
4365,E
15783,E
2133,E
14545,E
2753,E
15795,E
2564,E
2416,E
17049,E
16314,E
14720,E
3187,E
2140,E
17044,E
15789,E
16319,E
3560,E
14079,E
17024,E
16699,E
3602,E
2070,E
3130,E
4393,E
2435,E
14030,E
2790,E
3629,E
15873,E
3136,E
3623,E
16279,E
4021,E
15867,E
2078,E
14762,E
16689,E
17133,E
14768,E
14780,E
4007,E
4400,E
16274,E
15885,E
17148,E
14023,E
14774,E
2060,E
2061,E
16684,E
4014,E
2436,E
15879,E
4399,E
17115,E
14756,E
15861,E
15849,E
16289,E
17094,E
16694,E
15843,E
14065,E
17103,E
2099,E
16294,E
14738,E
2775,E
15837,E
3156,E
17081,E
17089,E
14058,E
14744,E
4386,E
14044,E
3617,E
3142,E
2430,E
2558,E
14750,E
16284,E
15855,E
4028,E
14051,E
4029,E
3611,E
2782,E
14053,E
16529,E
15831,E
4053,E
3201,E
4359,E
16504,E
16349,E
16954,E
3520,E
3263,E
15687,E
16719,E
14678,E
2220,E
15262,E
4322,E
16949,E
2717,E
4081,E
14263,E
15681,E
14254,E
16959,E
2204,E
16969,E
14684,E
2723,E
3255,E
14240,E
15693,E
15699,E
4073,E
4328,E
3256,E
16964,E
2211,E
15258,E
15254,E
16944,E
15266,E
2583,E
15274,E
15663,E
4313,E
16499,E
2709,E
2242,E
16919,E
3514,E
15657,E
16724,E
16909,E
16364,E
3286,E
2249,E
16914,E
14291,E
16359,E
14666,E
16354,E
3270,E
2227,E
14275,E
2404,E
15675,E
14672,E
16929,E
15270,E
15669,E
2233,E
14284,E
16924,E
3277,E
4089,E
15705,E
15250,E
3249,E
16974,E
2411,E
2736,E
17004,E
15747,E
2176,E
14702,E
3538,E
16999,E
16334,E
15741,E
16714,E
3532,E
14193,E
4061,E
3224,E
14177,E
17009,E
4351,E
14156,E
15765,E
17019,E
3207,E
3546,E
2162,E
14708,E
15759,E
17014,E
2570,E
3215,E
16329,E
15753,E
14172,E
2169,E
4343,E
3635,E
15230,E
16514,E
15242,E
15717,E
14690,E
4336,E
16509,E
14221,E
3241,E
2197,E
16344,E
15246,E
15711,E
14226,E
3525,E
3248,E
16979,E
2576,E
16984,E
15723,E
15735,E
2185,E
14696,E
3230,E
14205,E
2730,E
15729,E
15234,E
16989,E
2575,E
3236,E
2191,E
15238,E
16339,E
4067,E
16994,E
4273,E
8506,E
5306,E
19796,E
11146,E
7671,E
6048,E
690,E
11155,E
6040,E
9433,E
11160,E
6034,E
6033,E
11165,E
11141,E
19781,E
11173,E
6027,E
697,E
11178,E
6021,E
9426,E
19766,E
11185,E
7685,E
9421,E
19751,E
703,E
7677,E
11195,E
9438,E
11136,E
19856,E
20488,E
11082,E
11091,E
6091,E
19841,E
11096,E
9449,E
203,E
11101,E
6083,E
6082,E
6055,E
20504,E
681,E
9443,E
19826,E
11111,E
6073,E
11116,E
11121,E
6065,E
11126,E
19811,E
11131,E
7664,E
11106,E
6098,E
7691,E
19736,E
5967,E
11269,E
5961,E
726,E
11274,E
5955,E
11279,E
17561,E
11284,E
5948,E
19661,E
11289,E
11264,E
11294,E
11299,E
11304,E
5933,E
9397,E
19646,E
11309,E
5926,E
11314,E
5918,E
11319,E
197,E
11324,E
5940,E
9414,E
7710,E
11259,E
7696,E
11205,E
6010,E
710,E
11210,E
7698,E
11215,E
6003,E
19721,E
11220,E
9409,E
5996,E
5972,E
11225,E
19706,E
9404,E
717,E
11236,E
5988,E
20519,E
19691,E
11244,E
11249,E
5980,E
11254,E
19676,E
7703,E
5911,E
11077,E
6106,E
10871,E
6296,E
10878,E
6288,E
9486,E
10885,E
6282,E
625,E
10892,E
6275,E
10897,E
7630,E
19939,E
10902,E
9481,E
633,E
10908,E
6258,E
10915,E
6251,E
6250,E
7633,E
9474,E
642,E
10925,E
6245,E
6267,E
647,E
6306,E
6313,E
6367,E
10806,E
10813,E
6359,E
7607,E
9500,E
10818,E
6352,E
19959,E
10825,E
6339,E
10832,E
10864,E
6333,E
7612,E
19949,E
10842,E
9493,E
7618,E
10847,E
6326,E
613,E
10852,E
6320,E
10857,E
7625,E
607,E
9456,E
10932,E
10937,E
11016,E
6152,E
19886,E
11022,E
6146,E
11027,E
6138,E
11032,E
7645,E
664,E
11038,E
6132,E
210,E
6131,E
19871,E
11047,E
6126,E
11052,E
11057,E
6119,E
7651,E
673,E
11062,E
11067,E
6111,E
11072,E
9463,E
6239,E
11011,E
11006,E
10944,E
6224,E
6223,E
6222,E
10951,E
6216,E
20483,E
10958,E
19908,E
6209,E
7639,E
10965,E
6158,E
6203,E
10972,E
9469,E
10977,E
6195,E
10982,E
6187,E
19900,E
10989,E
6173,E
10994,E
10999,E
6165,E
656,E
6373,E
735,E
11336,E
5523,E
19319,E
7795,E
5515,E
9300,E
843,E
5508,E
9295,E
5502,E
5495,E
19311,E
5487,E
9305,E
20602,E
5474,E
19302,E
5467,E
5466,E
850,E
175,E
5460,E
5459,E
5451,E
5437,E
9288,E
5431,E
5480,E
19294,E
5530,E
837,E
183,E
5638,E
5631,E
19366,E
5625,E
821,E
9314,E
20586,E
5615,E
19350,E
5608,E
829,E
5536,E
5601,E
7780,E
19342,E
5593,E
5586,E
5580,E
5574,E
19327,E
5566,E
5558,E
5552,E
7788,E
5544,E
830,E
5647,E
5425,E
19277,E
5274,E
876,E
877,E
5265,E
5259,E
11961,E
19217,E
9267,E
11967,E
9265,E
5252,E
5251,E
19233,E
11973,E
11979,E
7821,E
5245,E
886,E
11985,E
9260,E
5239,E
19203,E
11991,E
11997,E
5232,E
9258,E
19211,E
5417,E
20719,E
9274,E
5408,E
9286,E
5402,E
859,E
5390,E
19268,E
5383,E
5376,E
7808,E
5369,E
9281,E
5341,E
5281,E
5340,E
19263,E
5329,E
5323,E
868,E
20710,E
5315,E
7814,E
7401,E
19254,E
5300,E
5295,E
5288,E
5335,E
196,E
19374,E
5654,E
5844,E
750,E
11406,E
5838,E
7724,E
5831,E
19571,E
9377,E
5824,E
5817,E
190,E
11429,E
11401,E
19556,E
19541,E
5813,E
5808,E
760,E
20550,E
11455,E
19535,E
7731,E
766,E
9365,E
19517,E
5800,E
9371,E
9363,E
11396,E
11391,E
5898,E
19631,E
11341,E
5892,E
11346,E
736,E
11351,E
9389,E
19616,E
11356,E
20534,E
743,E
5852,E
11361,E
5877,E
11366,E
7718,E
11371,E
5871,E
19601,E
11376,E
9384,E
11381,E
19586,E
11386,E
5859,E
5878,E
5653,E
19509,E
774,E
5759,E
5758,E
803,E
5752,E
804,E
5743,E
5737,E
7764,E
5731,E
19397,E
5722,E
5717,E
5760,E
5711,E
5704,E
812,E
5697,E
7771,E
5689,E
19389,E
5683,E
813,E
5674,E
5666,E
5660,E
9320,E
9327,E
7737,E
5766,E
5772,E
5788,E
9358,E
7742,E
11509,E
9353,E
19492,E
9351,E
780,E
19482,E
781,E
19469,E
7745,E
19409,E
19461,E
5781,E
9346,E
7751,E
11535,E
19443,E
9339,E
19433,E
7757,E
797,E
9332,E
19425,E
20571,E
787,E
10799,E
19970,E
7602,E
7049,E
10052,E
9635,E
373,E
7042,E
10059,E
7466,E
20427,E
10066,E
7034,E
10071,E
7027,E
7055,E
380,E
10080,E
7013,E
386,E
10087,E
10092,E
7006,E
9628,E
10097,E
10102,E
6998,E
397,E
10107,E
7020,E
6992,E
7056,E
10038,E
7117,E
7116,E
7460,E
7111,E
9987,E
7105,E
9994,E
7099,E
7098,E
341,E
10001,E
7092,E
10043,E
9642,E
353,E
10012,E
10013,E
10014,E
7086,E
7079,E
10026,E
9640,E
10031,E
7072,E
366,E
7064,E
352,E
9977,E
10113,E
232,E
10187,E
433,E
6913,E
10194,E
6907,E
10199,E
9616,E
7500,E
440,E
10207,E
9611,E
7505,E
7493,E
6892,E
448,E
6889,E
10219,E
6884,E
9606,E
10226,E
454,E
10231,E
6876,E
20231,E
10238,E
6869,E
10214,E
233,E
6920,E
10180,E
6985,E
406,E
10120,E
6979,E
10127,E
6972,E
10132,E
415,E
6965,E
10139,E
6960,E
10144,E
10182,E
6953,E
7487,E
423,E
424,E
10156,E
6945,E
10163,E
6939,E
20439,E
10168,E
6932,E
10175,E
6926,E
10151,E
10243,E
336,E
9647,E
9772,E
7324,E
7323,E
9779,E
7322,E
9682,E
264,E
9784,E
9789,E
7314,E
9794,E
7308,E
9767,E
7423,E
9801,E
9677,E
7300,E
9806,E
279,E
7293,E
9813,E
9818,E
7286,E
9823,E
7279,E
7272,E
272,E
9830,E
7337,E
9760,E
9698,E
9706,E
7395,E
9713,E
7388,E
20391,E
9718,E
7381,E
9697,E
9727,E
242,E
7375,E
256,E
249,E
9734,E
9689,E
20381,E
9739,E
7361,E
9746,E
7353,E
20401,E
20374,E
9753,E
7346,E
7415,E
7369,E
9972,E
7267,E
9840,E
9911,E
7189,E
9916,E
7448,E
9921,E
9654,E
9923,E
9652,E
7182,E
322,E
9928,E
7176,E
9909,E
9934,E
9941,E
7163,E
9946,E
7155,E
9951,E
9952,E
7148,E
7454,E
7142,E
329,E
9965,E
7135,E
7171,E
9835,E
7194,E
7200,E
7261,E
287,E
9670,E
7255,E
9847,E
7248,E
9854,E
7243,E
9859,E
7237,E
295,E
9866,E
9904,E
9871,E
20411,E
9878,E
7223,E
7216,E
304,E
9885,E
9892,E
7209,E
7442,E
314,E
9899,E
9663,E
7229,E
10248,E
10250,E
6858,E
10595,E
10601,E
10609,E
6546,E
10614,E
9539,E
20064,E
562,E
10622,E
6538,E
6531,E
10631,E
20069,E
20474,E
10636,E
6523,E
10641,E
10646,E
6513,E
10651,E
6505,E
570,E
571,E
7571,E
20044,E
9534,E
20054,E
10661,E
556,E
10586,E
10533,E
6606,E
539,E
10540,E
6599,E
10545,E
6598,E
10550,E
6592,E
9551,E
20103,E
10558,E
7564,E
6586,E
7557,E
10566,E
10567,E
10568,E
547,E
6578,E
6571,E
9546,E
20080,E
20074,E
9544,E
10585,E
20092,E
6612,E
10666,E
10671,E
216,E
20002,E
7589,E
10743,E
6420,E
10748,E
19994,E
10754,E
6414,E
9512,E
592,E
10761,E
6428,E
6406,E
6399,E
10773,E
6393,E
19986,E
6386,E
10783,E
6380,E
19978,E
7595,E
10789,E
9507,E
600,E
10766,E
6498,E
10736,E
10731,E
7578,E
10676,E
6491,E
20032,E
10681,E
6484,E
10688,E
6479,E
9528,E
6471,E
10695,E
578,E
9521,E
10700,E
9526,E
10705,E
6458,E
20020,E
10712,E
10717,E
6450,E
10722,E
6442,E
7583,E
20011,E
6435,E
6465,E
10528,E
20109,E
9556,E
20209,E
10320,E
9587,E
10325,E
20455,E
20203,E
6795,E
10332,E
6790,E
482,E
20198,E
10340,E
10317,E
225,E
10347,E
6774,E
10352,E
20193,E
6771,E
10359,E
6766,E
9580,E
10364,E
6760,E
490,E
7528,E
6781,E
10371,E
6804,E
7520,E
10255,E
6853,E
7512,E
10260,E
20225,E
6845,E
10267,E
9599,E
10272,E
6839,E
463,E
10277,E
10311,E
10279,E
10284,E
6825,E
9594,E
20219,E
10292,E
9592,E
6818,E
10299,E
470,E
10304,E
6812,E
20214,E
6833,E
6752,E
10376,E
20186,E
6681,E
10463,E
10468,E
6674,E
6668,E
10475,E
20147,E
10480,E
6661,E
9563,E
529,E
10487,E
516,E
6653,E
10499,E
6643,E
6637,E
10506,E
20468,E
20129,E
6630,E
10513,E
10518,E
6624,E
6617,E
7549,E
10494,E
6687,E
20156,E
7540,E
6745,E
10383,E
10388,E
6736,E
9575,E
7533,E
20181,E
10395,E
6728,E
10400,E
497,E
6722,E
10407,E
20176,E
10412,E
20171,E
10417,E
507,E
6709,E
20166,E
10424,E
10429,E
20161,E
9568,E
10437,E
21048,E
6696,E
5231,E
19196,E
7408,E
7828,E
1310,E
1311,E
8909,E
13449,E
8150,E
1318,E
1647,E
8902,E
8155,E
8160,E
4742,E
1324,E
8598,E
4735,E
18249,E
8894,E
20894,E
17728,E
1334,E
12939,E
18232,E
8408,E
18254,E
4574,E
18271,E
1656,E
8426,E
12867,E
8419,E
8124,E
18293,E
17710,E
12875,E
1289,E
8592,E
4748,E
8926,E
1296,E
8129,E
1662,E
1301,E
12891,E
1661,E
1302,E
8919,E
8413,E
18276,E
8135,E
8914,E
13442,E
18298,E
12947,E
1347,E
13428,E
4711,E
4581,E
13003,E
20903,E
18188,E
8194,E
18183,E
21025,E
13011,E
1387,E
8863,E
18177,E
17758,E
8613,E
4705,E
13019,E
1400,E
8201,E
8856,E
87,E
18171,E
13421,E
18194,E
17748,E
1386,E
18227,E
8888,E
8403,E
4728,E
8167,E
1354,E
1639,E
8883,E
1361,E
13435,E
18213,E
17738,E
1367,E
8605,E
4718,E
18208,E
8174,E
8877,E
1377,E
8180,E
8396,E
8870,E
8186,E
93,E
1626,E
13470,E
4755,E
115,E
13505,E
18408,E
1207,E
17676,E
4790,E
20868,E
18396,E
8563,E
8980,E
12739,E
1213,E
8077,E
1687,E
18391,E
8448,E
8973,E
12763,E
109,E
18385,E
1220,E
8568,E
12755,E
4795,E
1693,E
20863,E
8044,E
1174,E
9008,E
13512,E
8050,E
1180,E
9003,E
1187,E
1694,E
12715,E
8058,E
18432,E
17668,E
8996,E
8065,E
18424,E
12723,E
8070,E
1200,E
8454,E
11,E
8989,E
18416,E
8085,E
1278,E
18379,E
1226,E
4770,E
8431,E
1255,E
1677,E
1676,E
8942,E
8583,E
4762,E
102,E
18325,E
4565,E
1262,E
12003,E
101,E
20884,E
1269,E
8118,E
18315,E
17703,E
8934,E
1277,E
1670,E
18320,E
1246,E
18343,E
20878,E
8093,E
17683,E
8443,E
18373,E
8960,E
18367,E
8436,E
12787,E
20873,E
8098,E
18361,E
8954,E
13491,E
12795,E
1237,E
8577,E
18349,E
17697,E
4776,E
12803,E
8105,E
8947,E
13484,E
8965,E
4804,E
13027,E
8207,E
1507,E
4606,E
64,E
17983,E
17838,E
20962,E
8664,E
13358,E
4651,E
17849,E
8659,E
1513,E
20970,E
17971,E
8351,E
34,E
56,E
17960,E
21005,E
4646,E
1591,E
13235,E
13351,E
13203,E
17995,E
8741,E
13179,E
72,E
18024,E
8368,E
8287,E
8289,E
17828,E
4660,E
13187,E
8758,E
18013,E
8363,E
8752,E
8654,E
1500,E
8295,E
8746,E
13195,E
1601,E
18002,E
8357,E
20953,E
8301,E
1519,E
13372,E
8307,E
13344,E
1555,E
20985,E
8337,E
42,E
1562,E
17908,E
1583,E
17907,E
8325,E
13330,E
8681,E
4625,E
1570,E
1575,E
8694,E
1582,E
13315,E
17892,E
8688,E
1576,E
17882,E
4619,E
4624,E
13283,E
4634,E
17872,E
8723,E
17948,E
17861,E
1527,E
4613,E
8718,E
1536,E
8344,E
4640,E
13259,E
17932,E
8313,E
8712,E
21000,E
1542,E
13267,E
20978,E
1584,E
17926,E
13337,E
50,E
1547,E
1548,E
8671,E
18166,E
1490,E
1602,E
8824,E
18138,E
18133,E
13400,E
8626,E
4690,E
8230,E
18127,E
8235,E
8817,E
20922,E
4590,E
18116,E
1436,E
1617,E
8812,E
18111,E
21015,E
8241,E
8381,E
1442,E
25,E
80,E
13067,E
17787,E
1422,E
17765,E
8849,E
8389,E
18160,E
1409,E
18155,E
20913,E
19,E
13043,E
8843,E
8214,E
1416,E
8838,E
17777,E
4697,E
8619,E
18149,E
8219,E
13407,E
18144,E
8830,E
13059,E
21020,E
4684,E
18035,E
13099,E
18105,E
8783,E
18067,E
8266,E
8777,E
18061,E
17818,E
8273,E
13147,E
1474,E
13379,E
21010,E
4667,E
18056,E
8770,E
20944,E
1481,E
18051,E
4598,E
18046,E
8286,E
8765,E
8647,E
8280,E
1467,E
8261,E
18072,E
17797,E
18100,E
8247,E
8801,E
8634,E
20932,E
8374,E
18094,E
1610,E
13115,E
1452,E
18089,E
8794,E
17808,E
73,E
4677,E
8254,E
18083,E
26,E
18078,E
8641,E
8788,E
13131,E
8806,E
8558,E
18569,E
9015,E
951,E
12249,E
12255,E
5024,E
9194,E
12261,E
960,E
5017,E
12267,E
5012,E
1767,E
12273,E
5007,E
12279,E
9192,E
7884,E
12285,E
969,E
5001,E
12291,E
159,E
5032,E
7892,E
12243,E
19066,E
5065,E
1774,E
12207,E
5059,E
1773,E
9205,E
12213,E
945,E
8520,E
12219,E
19076,E
4529,E
5052,E
12225,E
5046,E
12231,E
7871,E
5040,E
12237,E
9199,E
7876,E
17579,E
19084,E
976,E
17588,E
4534,E
4963,E
1758,E
995,E
12351,E
13575,E
18917,E
12357,E
4954,E
7910,E
12363,E
20992,E
1001,E
9161,E
12369,E
18905,E
4947,E
9159,E
12375,E
7918,E
9153,E
9168,E
12297,E
12345,E
12339,E
18966,E
12303,E
9179,E
982,E
7899,E
18960,E
12309,E
4985,E
12315,E
3,E
9173,E
988,E
12321,E
20752,E
4977,E
12327,E
18943,E
12333,E
7905,E
4971,E
13582,E
18930,E
18892,E
12201,E
12195,E
5185,E
12057,E
7845,E
19167,E
12063,E
12069,E
9237,E
9235,E
5171,E
12075,E
165,E
5166,E
910,E
12081,E
7851,E
5159,E
12087,E
19146,E
5154,E
12093,E
9228,E
19175,E
9227,E
13610,E
9243,E
5225,E
12009,E
9253,E
894,E
7833,E
12015,E
19189,E
12021,E
5216,E
1786,E
9248,E
12027,E
7840,E
5209,E
12033,E
19181,E
900,E
12039,E
5201,E
12045,E
5194,E
12051,E
7864,E
12099,E
12105,E
5110,E
17570,E
12153,E
5103,E
12159,E
20740,E
9212,E
932,E
12165,E
19097,E
5091,E
12171,E
5084,E
12177,E
5079,E
12183,E
5074,E
12189,E
19092,E
9210,E
939,E
12147,E
19130,E
19106,E
12141,E
20728,E
917,E
5145,E
8513,E
5144,E
12111,E
5139,E
12117,E
5131,E
12123,E
1780,E
8493,E
5124,E
12129,E
8492,E
19114,E
7858,E
12135,E
924,E
5117,E
5116,E
9217,E
12381,E
8331,E
21038,E
1092,E
12571,E
17628,E
18739,E
20806,E
4837,E
12579,E
9074,E
18733,E
8540,E
1744,E
4840,E
1098,E
7989,E
9069,E
18725,E
9064,E
1105,E
20823,E
18713,E
4832,E
1735,E
9059,E
18701,E
12587,E
1113,E
138,E
9082,E
7958,E
18784,E
9099,E
1067,E
12531,E
4540,E
18773,E
12539,E
7965,E
9094,E
18767,E
18747,E
4846,E
12547,E
8535,E
1077,E
8478,E
18761,E
12555,E
9089,E
7972,E
18754,E
1085,E
7982,E
20791,E
18789,E
12611,E
18689,E
18631,E
9028,E
18619,E
8547,E
12659,E
20854,E
13533,E
1146,E
1716,E
4811,E
8462,E
12651,E
18607,E
18595,E
1715,E
1710,E
12675,E
122,E
1156,E
4554,E
8037,E
8553,E
18582,E
1702,E
9021,E
130,E
1722,E
1137,E
4547,E
21033,E
4824,E
18677,E
9052,E
20840,E
1124,E
1734,E
18665,E
1729,E
12627,E
8030,E
8013,E
4818,E
12635,E
9045,E
8018,E
9040,E
18643,E
4817,E
12643,E
9035,E
8470,E
8024,E
1130,E
4852,E
1059,E
7953,E
1015,E
4909,E
12429,E
9144,E
4902,E
12435,E
12423,E
1751,E
4897,E
12441,E
18857,E
4892,E
12447,E
4884,E
7924,E
18869,E
151,E
4916,E
4937,E
12387,E
1007,E
4934,E
12393,E
17595,E
8530,E
4929,E
12399,E
18880,E
12405,E
4923,E
20764,E
12411,E
13568,E
9138,E
12453,E
12417,E
7930,E
18813,E
13561,E
1043,E
4859,E
7942,E
12499,E
18807,E
9112,E
12507,E
7948,E
18801,E
1051,E
18794,E
20777,E
9106,E
144,E
1037,E
9117,E
8484,E
12459,E
1022,E
17602,E
4875,E
9132,E
18845,E
12471,E
9130,E
12465,E
7937,E
1030,E
4866,E
4865,E
9125,E
18821,E
18834,E
11488,EX
11483,EX
11487,EX
11486,EX
11445,EX
11484,EX
11446,EX
11452,EX
11447,EX
11448,EX
11449,EX
11450,EX
11451,EX
11453,EX
11489,EX
11481,EX
11490,EX
11507,EX
11492,EX
11441,EX
11442,EX
11443,EX
11444,EX
11506,EX
11505,EX
11504,EX
11503,EX
11491,EX
11502,EX
11500,EX
11499,EX
11498,EX
11497,EX
11496,EX
11495,EX
11494,EX
11493,EX
11501,EX
11482,EX
12840,Ex
12680,Ex
12688,Ex
13040,Ex
13048,Ex
12848,Ex
13056,Ex
12832,Ex
13064,Ex
13072,Ex
13032,Ex
13080,Ex
12824,Ex
13096,Ex
13104,Ex
12816,Ex
12648,Ex
13112,Ex
13120,Ex
13320,Ex
13088,Ex
13128,Ex
13024,Ex
12856,Ex
12904,Ex
12888,Ex
12912,Ex
12920,Ex
12928,Ex
12936,Ex
12880,Ex
12944,Ex
13016,Ex
12952,Ex
12968,Ex
12872,Ex
12976,Ex
12984,Ex
12992,Ex
13000,Ex
13008,Ex
12864,Ex
12960,Ex
13136,Ex
12808,Ex
13152,Ex
13144,Ex
12744,Ex
12672,Ex
13240,Ex
12736,Ex
12728,Ex
13248,Ex
13256,Ex
13264,Ex
13272,Ex
13280,Ex
12720,Ex
12712,Ex
13288,Ex
12704,Ex
12696,Ex
13296,Ex
13304,Ex
13312,Ex
12752,Ex
13224,Ex
13232,Ex
12760,Ex
13160,Ex
12800,Ex
13168,Ex
13176,Ex
12656,Ex
13184,Ex
12792,Ex
13192,Ex
12784,Ex
13200,Ex
12896,Ex
13208,Ex
12664,Ex
12776,Ex
12768,Ex
13216,Ex
20855,F
20505,F
121,F
2803,F
129,F
20841,F
202,F
2811,F
20489,F
231,F
2879,F
20572,F
158,F
2,F
2752,F
182,F
20587,F
20741,F
2789,F
2781,F
20603,F
164,F
20729,F
2760,F
174,F
20720,F
2767,F
181,F
20824,F
189,F
21039,F
2735,F
20807,F
137,F
20792,F
20520,F
9,F
143,F
20560,F
20778,F
2880,F
20535,F
20765,F
2744,F
150,F
20551,F
20753,F
195,F
2795,F
215,F
20402,F
20933,F
224,F
20945,F
20456,F
71,F
2851,F
20954,F
63,F
33,F
20963,F
2708,F
62,F
20971,F
2858,F
20440,F
20428,F
55,F
20979,F
2702,F
41,F
49,F
20986,F
20993,F
2843,F
2716,F
79,F
20923,F
209,F
114,F
2729,F
241,F
2819,F
108,F
2873,F
20879,F
2825,F
20412,F
20885,F
10,F
100,F
21026,F
20895,F
92,F
20475,F
20904,F
18,F
2835,F
86,F
20914,F
20469,F
24,F
2722,F
1794,F
19662,F
248,F
1366,F
1360,F
1353,F
17104,F
1346,F
17095,F
2098,F
1333,F
1323,F
2106,F
17082,F
1317,F
1316,F
1309,F
17116,F
17075,F
17069,F
1295,F
1288,F
1287,F
2125,F
1276,F
2132,F
1268,F
1267,F
2139,F
18326,F
1261,F
1254,F
2148,F
2112,F
1376,F
2077,F
1384,F
1450,F
18106,F
1441,F
2030,F
17201,F
18117,F
1435,F
17195,F
18128,F
2037,F
17189,F
18139,F
2043,F
1421,F
17183,F
18150,F
1415,F
1385,F
18189,F
17134,F
2069,F
18178,F
1399,F
18344,F
18172,F
2059,F
1408,F
18161,F
17161,F
2051,F
17173,F
17149,F
1451,F
1245,F
1236,F
2210,F
18644,F
1136,F
1135,F
1129,F
2218,F
18666,F
1123,F
2219,F
18678,F
18690,F
2226,F
18702,F
18714,F
2209,F
1104,F
18726,F
2232,F
18734,F
1097,F
18740,F
1091,F
18748,F
2241,F
18755,F
1084,F
18762,F
2248,F
18768,F
1076,F
16930,F
18632,F
18620,F
2203,F
2155,F
18362,F
18368,F
18374,F
2161,F
1225,F
18380,F
18386,F
1219,F
2168,F
1212,F
18397,F
2175,F
18409,F
1206,F
18417,F
1199,F
1145,F
18608,F
18596,F
1155,F
18583,F
2196,F
18350,F
18570,F
2190,F
1179,F
1186,F
18433,F
2184,F
18425,F
1173,F
18774,F
17221,F
2019,F
1669,F
17711,F
1854,F
1655,F
1646,F
1860,F
17729,F
17739,F
1638,F
17749,F
1871,F
17759,F
17766,F
1625,F
17465,F
1880,F
17435,F
17788,F
1616,F
1615,F
17428,F
17798,F
1887,F
17809,F
1609,F
17421,F
17819,F
1893,F
17413,F
17829,F
17778,F
1675,F
17698,F
1848,F
1785,F
1779,F
1795,F
1772,F
1766,F
1803,F
1757,F
17514,F
17596,F
1812,F
1750,F
17603,F
1749,F
17626,F
1820,F
1743,F
17499,F
1847,F
1685,F
17684,F
1686,F
1840,F
17677,F
1600,F
1834,F
1701,F
1828,F
1709,F
17493,F
1721,F
1728,F
17669,F
18095,F
1599,F
1598,F
17309,F
17984,F
1506,F
1970,F
17301,F
17996,F
1971,F
18003,F
17293,F
1499,F
1498,F
1977,F
18014,F
17285,F
1512,F
18025,F
18036,F
1489,F
17269,F
1480,F
1992,F
17259,F
18062,F
1473,F
2003,F
1466,F
18073,F
18084,F
2012,F
17233,F
1986,F
1964,F
17972,F
17317,F
1903,F
17850,F
17402,F
1590,F
17862,F
17394,F
17873,F
1912,F
17386,F
1913,F
1914,F
17375,F
17883,F
17372,F
17893,F
1569,F
1561,F
1518,F
17961,F
17327,F
17949,F
1954,F
1526,F
17839,F
1535,F
1944,F
1938,F
17927,F
17347,F
1554,F
1930,F
1541,F
1066,F
2256,F
1058,F
2526,F
19909,F
641,F
640,F
632,F
2535,F
624,F
19940,F
2544,F
612,F
19950,F
19960,F
606,F
19971,F
655,F
599,F
19979,F
19987,F
591,F
19995,F
2557,F
20003,F
20012,F
20021,F
577,F
20033,F
2563,F
20045,F
569,F
20055,F
2551,F
19901,F
663,F
19887,F
725,F
19677,F
19692,F
716,F
19707,F
2474,F
19722,F
709,F
708,F
19737,F
2482,F
19752,F
702,F
19767,F
696,F
695,F
19782,F
2512,F
19872,F
672,F
19857,F
2505,F
19842,F
561,F
679,F
680,F
19827,F
19812,F
689,F
19797,F
2489,F
2497,F
19647,F
555,F
20081,F
2638,F
405,F
396,F
395,F
385,F
379,F
2645,F
372,F
365,F
351,F
2652,F
335,F
328,F
2660,F
414,F
2661,F
2667,F
2668,F
313,F
303,F
294,F
2677,F
286,F
2683,F
271,F
263,F
255,F
20375,F
20382,F
2691,F
321,F
422,F
2632,F
432,F
546,F
20104,F
538,F
20110,F
537,F
20130,F
528,F
2582,F
515,F
514,F
506,F
2596,F
496,F
20187,F
489,F
2605,F
481,F
438,F
439,F
447,F
2626,F
453,F
20232,F
2569,F
20226,F
2620,F
20220,F
469,F
2612,F
480,F
20204,F
462,F
734,F
19632,F
2464,F
2315,F
975,F
968,F
967,F
959,F
19067,F
2321,F
950,F
19077,F
2327,F
944,F
19085,F
938,F
2334,F
18967,F
931,F
923,F
2341,F
19115,F
2347,F
19131,F
916,F
19147,F
909,F
2353,F
908,F
19168,F
19176,F
19182,F
2360,F
19107,F
981,F
18961,F
987,F
18795,F
18802,F
1050,F
18808,F
2263,F
1042,F
18814,F
1036,F
18822,F
1029,F
18835,F
18846,F
2275,F
1021,F
1020,F
18858,F
2285,F
18944,F
2302,F
18931,F
994,F
18918,F
1000,F
899,F
18906,F
1006,F
18893,F
2294,F
18881,F
1014,F
18870,F
2295,F
19190,F
893,F
19195,F
19398,F
19410,F
802,F
19426,F
796,F
19434,F
19444,F
2429,F
19462,F
786,F
19470,F
779,F
19493,F
16670,F
2442,F
773,F
19510,F
19617,F
742,F
19602,F
19587,F
749,F
19572,F
811,F
2455,F
759,F
19542,F
2448,F
19536,F
765,F
19518,F
19557,F
20392,F
19390,F
19375,F
2366,F
19204,F
885,F
19212,F
2375,F
19218,F
19234,F
875,F
19255,F
2382,F
867,F
866,F
19269,F
858,F
19278,F
19295,F
2395,F
820,F
19367,F
2410,F
19351,F
828,F
19343,F
2415,F
19328,F
19320,F
2403,F
842,F
19312,F
849,F
19303,F
836,F
2886,F
4072,F
21049,F
14180,F
7368,F
5987,F
11235,F
14184,F
12370,F
12843,F
4946,F
7360,F
7352,F
14198,F
12851,F
8687,F
8693,F
5995,F
4350,F
8330,F
4612,F
12835,F
5971,F
8757,F
12827,F
5978,F
5979,F
7857,F
14159,F
7387,F
4358,F
14163,F
7863,F
4761,F
7380,F
7374,F
14170,F
11243,F
6002,F
14208,F
12859,F
4618,F
14247,F
12382,F
7313,F
12388,F
7307,F
4327,F
4936,F
9137,F
11184,F
12883,F
14257,F
6020,F
14261,F
7299,F
11194,F
7929,F
7319,F
7320,F
14212,F
8324,F
12376,F
9752,F
7345,F
14219,F
14222,F
14149,F
4754,F
6009,F
11204,F
9204,F
7336,F
14233,F
7321,F
14236,F
4335,F
5960,F
7400,F
12364,F
5837,F
14072,F
5843,F
5858,F
12340,F
12346,F
7486,F
13365,F
7465,F
14082,F
4605,F
14086,F
8343,F
4962,F
5870,F
14068,F
9627,F
4564,F
4385,F
5807,F
7519,F
4976,F
12334,F
7511,F
8837,F
12771,F
5876,F
11430,F
4970,F
4506,F
7492,F
5823,F
5829,F
5830,F
12779,F
5816,F
4321,F
14093,F
7453,F
5932,F
14128,F
9124,F
7414,F
4769,F
9694,F
9695,F
14135,F
9696,F
12819,F
5939,F
12358,F
5947,F
5954,F
4953,F
5931,F
5917,F
12352,F
12811,F
7447,F
12667,F
14100,F
8829,F
7441,F
4810,F
4775,F
7459,F
14107,F
5891,F
5897,F
5909,F
13652,F
14117,F
5910,F
14121,F
8294,F
11456,F
14268,F
7292,F
4633,F
4267,F
12442,F
6157,F
4266,F
12448,F
14411,F
6164,F
14418,F
4883,F
4256,F
14425,F
6172,F
14432,F
8373,F
14397,F
8640,F
6151,F
6145,F
6118,F
6125,F
11046,F
12436,F
14369,F
7162,F
7147,F
7141,F
14376,F
8229,F
4279,F
14383,F
7134,F
11037,F
6137,F
11021,F
6186,F
4249,F
12454,F
4219,F
14481,F
4211,F
14487,F
14493,F
4205,F
12190,F
10924,F
4727,F
12963,F
8633,F
14504,F
13617,F
6265,F
14510,F
14475,F
6238,F
14469,F
4639,F
13275,F
6202,F
6208,F
12955,F
12460,F
9178,F
14439,F
6117,F
14445,F
14451,F
4235,F
14457,F
4229,F
14463,F
6215,F
7898,F
4241,F
7170,F
9933,F
7181,F
14285,F
6054,F
14289,F
4922,F
4741,F
7242,F
14292,F
7236,F
12907,F
14296,F
13498,F
14299,F
6064,F
4312,F
4514,F
12406,F
14282,F
6047,F
4928,F
4747,F
6026,F
11172,F
13323,F
6032,F
6039,F
8670,F
12915,F
12400,F
8350,F
8356,F
7266,F
7260,F
7254,F
12899,F
11154,F
8711,F
12394,F
7228,F
12412,F
14341,F
7208,F
7199,F
8362,F
8646,F
7188,F
14348,F
4901,F
7891,F
6097,F
6105,F
4734,F
14355,F
13291,F
4292,F
9891,F
4298,F
12430,F
14334,F
13307,F
6071,F
6072,F
12418,F
12923,F
4915,F
12424,F
7215,F
13299,F
14320,F
12931,F
14324,F
14327,F
6090,F
14331,F
11090,F
6081,F
4191,F
12328,F
12322,F
5257,F
5258,F
11962,F
5264,F
7787,F
12238,F
9020,F
5273,F
5279,F
5280,F
8036,F
7779,F
9313,F
4487,F
9319,F
12232,F
8043,F
11968,F
5250,F
12010,F
12004,F
5230,F
4452,F
5045,F
8023,F
11998,F
8029,F
11992,F
5238,F
11986,F
4580,F
5244,F
11980,F
9027,F
11974,F
13869,F
5287,F
8049,F
5407,F
8972,F
8084,F
8959,F
7763,F
12683,F
7756,F
7750,F
13722,F
4430,F
7744,F
8104,F
5416,F
5424,F
5430,F
5401,F
13890,F
5400,F
5031,F
5294,F
5305,F
5314,F
8988,F
5039,F
5322,F
5328,F
12226,F
5334,F
12244,F
4436,F
13883,F
5375,F
5382,F
8076,F
5389,F
5368,F
5224,F
8012,F
12016,F
12699,F
5123,F
12130,F
12124,F
12202,F
7971,F
13456,F
9273,F
4472,F
12118,F
12112,F
12106,F
12100,F
13743,F
7981,F
9111,F
12136,F
13771,F
4573,F
13750,F
12691,F
12184,F
12178,F
12172,F
4479,F
12166,F
7813,F
5102,F
12196,F
12154,F
13463,F
5109,F
12148,F
5115,F
12142,F
12160,F
5436,F
13792,F
9081,F
12052,F
5193,F
4460,F
12046,F
12040,F
13736,F
5208,F
13820,F
12034,F
12028,F
5051,F
13827,F
5214,F
5215,F
12022,F
12058,F
2887,F
13806,F
12220,F
5064,F
12208,F
5153,F
12094,F
12088,F
12082,F
7988,F
7807,F
5058,F
12214,F
7947,F
5165,F
12076,F
12070,F
12064,F
5184,F
13799,F
13673,F
8941,F
13911,F
13393,F
11536,F
7820,F
7709,F
9242,F
7697,F
7690,F
7684,F
7676,F
14002,F
5780,F
14005,F
12310,F
14009,F
7663,F
12304,F
8336,F
13995,F
8206,F
5736,F
4589,F
5742,F
5751,F
13981,F
5757,F
5765,F
5771,F
12292,F
9383,F
7717,F
12298,F
4405,F
8200,F
9396,F
8848,F
8680,F
12316,F
8751,F
9226,F
4392,F
7556,F
9225,F
11510,F
12747,F
13680,F
4809,F
14037,F
5799,F
8213,F
7548,F
7539,F
4789,F
7527,F
7570,F
7850,F
9533,F
4984,F
9448,F
12731,F
4499,F
7650,F
7644,F
4398,F
14016,F
4411,F
9468,F
4500,F
7632,F
13386,F
7617,F
7594,F
7588,F
4597,F
7638,F
5730,F
5716,F
5710,F
5535,F
5543,F
5551,F
13932,F
5557,F
8740,F
5573,F
8893,F
5023,F
8300,F
7736,F
13939,F
5579,F
5585,F
12262,F
8149,F
5529,F
5522,F
5521,F
5458,F
5465,F
12250,F
5473,F
5479,F
8117,F
8933,F
5592,F
12256,F
13414,F
5494,F
5507,F
8123,F
8134,F
5514,F
13925,F
5486,F
5444,F
8166,F
5600,F
9370,F
4803,F
9376,F
7723,F
12707,F
5665,F
5673,F
5679,F
5682,F
5688,F
5696,F
5000,F
13967,F
5703,F
13477,F
12286,F
5659,F
5652,F
5646,F
5606,F
4420,F
13946,F
5607,F
8179,F
5614,F
8185,F
8882,F
8193,F
12268,F
5624,F
5630,F
4419,F
12274,F
12280,F
5006,F
7730,F
14516,F
6244,F
6274,F
15562,F
15568,F
3349,F
15574,F
3343,F
15580,F
15586,F
15592,F
15598,F
3324,F
7026,F
4851,F
15604,F
15610,F
3318,F
6695,F
15616,F
3356,F
13091,F
4689,F
15526,F
6667,F
8529,F
13083,F
15532,F
15538,F
4539,F
6673,F
15544,F
4553,F
6680,F
3363,F
15550,F
6686,F
15556,F
15622,F
3306,F
15628,F
3262,F
15694,F
15700,F
3254,F
15706,F
15712,F
3247,F
6721,F
6727,F
15718,F
15724,F
3235,F
15730,F
15736,F
3229,F
15688,F
15682,F
3269,F
15676,F
13526,F
15634,F
3299,F
7019,F
15640,F
15646,F
3291,F
9152,F
15652,F
15658,F
6708,F
7012,F
15664,F
15670,F
3276,F
4683,F
3285,F
15742,F
6660,F
3383,F
8253,F
15351,F
15355,F
6636,F
7048,F
15359,F
15363,F
15367,F
3483,F
15371,F
15375,F
15379,F
15383,F
15387,F
15391,F
15347,F
15395,F
13075,F
3492,F
7071,F
15303,F
12619,F
15307,F
15311,F
15315,F
15319,F
3499,F
6266,F
7063,F
15327,F
15331,F
15335,F
15339,F
7054,F
15343,F
15399,F
3471,F
15403,F
3418,F
15477,F
3411,F
15483,F
15489,F
15495,F
3396,F
15501,F
3390,F
15507,F
6642,F
6648,F
6652,F
15513,F
15514,F
15471,F
15465,F
3424,F
15459,F
15407,F
15411,F
3463,F
15417,F
15423,F
15429,F
3449,F
15520,F
15435,F
15441,F
3437,F
15447,F
12523,F
15453,F
7041,F
3430,F
3443,F
15299,F
3223,F
15748,F
3010,F
6900,F
4839,F
16024,F
3001,F
6906,F
6912,F
16035,F
4666,F
2992,F
16045,F
6919,F
13155,F
2986,F
16051,F
12595,F
2980,F
3017,F
6883,F
13540,F
8489,F
8490,F
8491,F
3052,F
15980,F
3046,F
3040,F
6852,F
12563,F
13139,F
3033,F
6868,F
6875,F
3026,F
6891,F
6925,F
2973,F
16067,F
2921,F
6971,F
13171,F
16141,F
2911,F
13554,F
2904,F
6978,F
2895,F
6984,F
13163,F
16164,F
10112,F
6991,F
6997,F
16130,F
6959,F
2928,F
16119,F
16068,F
6931,F
6944,F
4546,F
16074,F
6952,F
2965,F
6844,F
2964,F
16091,F
16097,F
2947,F
16103,F
13547,F
2940,F
2934,F
2958,F
6733,F
6838,F
3066,F
3178,F
4659,F
15808,F
15814,F
3171,F
15820,F
3165,F
8717,F
15826,F
6759,F
6765,F
6772,F
15832,F
15838,F
3155,F
15802,F
6773,F
6751,F
3185,F
13107,F
15754,F
3214,F
15760,F
3206,F
15766,F
15772,F
3200,F
6735,F
15778,F
3193,F
15784,F
6744,F
15790,F
3186,F
15796,F
8312,F
15844,F
4676,F
12603,F
3107,F
3101,F
4845,F
3094,F
10316,F
6803,F
10310,F
6817,F
4831,F
3082,F
3081,F
6824,F
10291,F
3072,F
8306,F
3115,F
15892,F
15886,F
6780,F
10339,F
15850,F
13123,F
8246,F
6789,F
15856,F
6832,F
15862,F
8800,F
3141,F
15868,F
3135,F
15874,F
3129,F
15880,F
7005,F
3507,F
15323,F
15291,F
4020,F
14763,F
6392,F
14769,F
4013,F
14775,F
14781,F
14787,F
6398,F
13243,F
8388,F
8618,F
8612,F
4645,F
6413,F
14757,F
10753,F
6391,F
14751,F
12987,F
14721,F
4045,F
12472,F
14727,F
12475,F
14733,F
4037,F
10788,F
14739,F
6379,F
12995,F
4816,F
6385,F
14745,F
4027,F
6419,F
13603,F
4001,F
8764,F
7097,F
3948,F
3937,F
13596,F
3924,F
14890,F
3918,F
15295,F
3903,F
3889,F
3883,F
3877,F
6456,F
3871,F
6441,F
3957,F
3964,F
14835,F
14793,F
14799,F
3993,F
6427,F
12483,F
14805,F
14811,F
14715,F
14817,F
4710,F
14823,F
14829,F
7110,F
3972,F
7104,F
6434,F
3979,F
4052,F
14709,F
10798,F
14570,F
7923,F
12466,F
14576,F
4146,F
14582,F
6319,F
14588,F
4139,F
6325,F
14594,F
6331,F
10841,F
4136,F
12979,F
4154,F
14564,F
6305,F
12971,F
14522,F
6281,F
8625,F
6287,F
14528,F
4874,F
14534,F
9143,F
4177,F
6295,F
14546,F
4170,F
14552,F
4162,F
14558,F
4161,F
14540,F
6457,F
14600,F
14606,F
4095,F
14661,F
6366,F
14667,F
4088,F
14673,F
4080,F
14679,F
14685,F
14691,F
4066,F
14697,F
4060,F
14703,F
6372,F
14655,F
6358,F
7904,F
13251,F
4129,F
14612,F
14613,F
4122,F
14619,F
6332,F
6338,F
4130,F
14625,F
14631,F
14637,F
4108,F
6351,F
14643,F
4101,F
14649,F
4114,F
4528,F
3911,F
3857,F
10564,F
10563,F
13219,F
7078,F
3672,F
3666,F
3681,F
4696,F
6585,F
3652,F
10557,F
6591,F
6597,F
3643,F
3659,F
10565,F
7091,F
3682,F
3722,F
10584,F
10583,F
13519,F
8477,F
8782,F
6570,F
3863,F
8483,F
3710,F
3702,F
10010,F
10011,F
3694,F
3688,F
3634,F
3628,F
3622,F
3616,F
15243,F
15247,F
15251,F
15255,F
8811,F
15259,F
15263,F
3519,F
15267,F
15271,F
15275,F
15279,F
3513,F
15283,F
15287,F
15239,F
13051,F
6629,F
3531,F
3610,F
6605,F
3594,F
3580,F
6611,F
3573,F
3567,F
10527,F
12515,F
3559,F
3545,F
13211,F
8240,F
3537,F
15231,F
15235,F
4858,F
8793,F
10009,F
3782,F
13227,F
6530,F
13035,F
6522,F
14992,F
12491,F
10660,F
3791,F
14981,F
6504,F
13589,F
6497,F
4864,F
3775,F
14975,F
3805,F
9167,F
3812,F
3820,F
6490,F
3826,F
3832,F
3838,F
3846,F
6489,F
6478,F
6470,F
6464,F
4704,F
3799,F
3769,F
8285,F
5073,F
8453,F
8552,F
10600,F
8582,F
8418,F
6545,F
8597,F
4823,F
3735,F
10621,F
6537,F
6536,F
8469,F
3763,F
3762,F
3756,F
3750,F
1153,G
20766,G
12671,G
18633,G
18597,G
18703,G
18667,G
9151,G
1154,G
1103,G
12591,G
7922,G
18584,G
18691,G
12612,G
12684,G
9166,G
12636,G
1144,G
12679,G
12663,G
12596,G
18679,G
18715,G
20754,G
12655,G
12639,G
1122,G
18645,G
1143,G
12687,G
12623,G
20779,G
12631,G
12647,G
12676,G
12628,G
12620,G
18609,G
12599,G
12615,G
12604,G
12607,G
18621,G
12644,G
12668,G
12652,G
149,G
12660,G
9123,G
12924,G
12692,G
1359,G
12964,G
12967,G
12972,G
12975,G
12980,G
1375,G
12983,G
12988,G
12959,G
12991,G
12999,G
13004,G
20924,G
13007,G
13012,G
1398,G
13015,G
13020,G
13023,G
12996,G
1352,G
12956,G
12951,G
12892,G
12895,G
12900,G
1308,G
12903,G
12908,G
12911,G
4740,G
12916,G
12919,G
18727,G
12927,G
12932,G
1332,G
12935,G
4733,G
12940,G
8228,G
12943,G
12948,G
1345,G
13028,G
1406,G
1407,G
13031,G
13111,G
13116,G
13119,G
13124,G
8799,G
20934,G
13127,G
4675,G
1465,G
13132,G
13135,G
13140,G
1472,G
13143,G
13148,G
13151,G
1479,G
13156,G
13159,G
4665,G
13164,G
13108,G
12887,G
1449,G
13103,G
4703,G
13036,G
13039,G
13044,G
1414,G
13047,G
13052,G
13055,G
13060,G
13063,G
13068,G
13071,G
78,G
13076,G
1434,G
13079,G
13084,G
13087,G
13092,G
13095,G
13100,G
4682,G
12884,G
1294,G
12879,G
8148,G
8165,G
20896,G
8199,G
20905,G
1172,G
12700,G
12703,G
12708,G
1185,G
12711,G
4802,G
12716,G
18434,G
12719,G
1198,G
18426,G
12724,G
12727,G
18418,G
12732,G
20886,G
1205,G
8116,G
8103,G
12695,G
7970,G
20793,G
9080,G
7987,G
20808,G
136,G
20825,G
8000,G
8001,G
8002,G
8011,G
20842,G
128,G
9026,G
20856,G
8035,G
8042,G
8987,G
8075,G
8083,G
107,G
18571,G
12735,G
12740,G
12815,G
1253,G
12820,G
12823,G
12828,G
12831,G
12836,G
12839,G
4760,G
12844,G
12847,G
12852,G
1275,G
12855,G
12860,G
12863,G
12868,G
1286,G
12871,G
4753,G
12876,G
12812,G
18410,G
12807,G
12799,G
12743,G
12748,G
8212,G
18398,G
12751,G
4788,G
12756,G
12759,G
12764,G
12767,G
12772,G
12775,G
20915,G
12780,G
12783,G
8836,G
1235,G
12788,G
12791,G
12796,G
18351,G
12804,G
12588,G
758,G
12580,G
19843,G
6089,G
6080,G
312,G
9890,G
19828,G
6079,G
6070,G
7214,G
302,G
19813,G
6063,G
688,G
7235,G
293,G
19798,G
6053,G
6046,G
7253,G
285,G
19783,G
11089,G
6096,G
19858,G
320,G
6318,G
6304,G
623,G
6280,G
6264,G
639,G
10923,G
6237,G
19910,G
6214,G
11171,G
6213,G
19902,G
6201,G
6171,G
662,G
7133,G
19888,G
7140,G
19873,G
11045,G
7187,G
654,G
19941,G
7291,G
19768,G
7386,G
19678,G
5977,G
724,G
20393,G
19663,G
5946,G
5938,G
7413,G
19648,G
733,G
5916,G
20403,G
19633,G
5890,G
240,G
7440,G
19618,G
20413,G
741,G
19603,G
247,G
5986,G
11242,G
19693,G
11183,G
6019,G
7306,G
270,G
19753,G
11193,G
6015,G
19738,G
11203,G
7344,G
7298,G
9751,G
6008,G
6001,G
5994,G
20376,G
254,G
7351,G
7367,G
19708,G
11234,G
20383,G
19723,G
10840,G
19951,G
6357,G
6779,G
488,G
6758,G
20188,G
6750,G
495,G
6734,G
6720,G
7011,G
505,G
7018,G
6707,G
7025,G
513,G
6694,G
6679,G
378,G
7040,G
6666,G
527,G
6659,G
10338,G
6788,G
391,G
394,G
404,G
6990,G
6977,G
413,G
6970,G
6958,G
6951,G
431,G
6918,G
6905,G
7047,G
446,G
6882,G
6874,G
6867,G
461,G
6851,G
10290,G
6823,G
10309,G
6802,G
479,G
6890,G
6635,G
20128,G
371,G
10008,G
10007,G
20022,G
6463,G
6455,G
10006,G
20013,G
6440,G
20004,G
6433,G
6496,G
6426,G
19996,G
6412,G
19988,G
598,G
19980,G
6378,G
19972,G
10797,G
6365,G
19961,G
590,G
5869,G
20034,G
10659,G
536,G
7077,G
364,G
20111,G
10526,G
6604,G
6584,G
545,G
20093,G
20082,G
6503,G
6569,G
10582,G
6568,G
554,G
6567,G
350,G
6544,G
10620,G
20056,G
6529,G
20046,G
10581,G
748,G
7485,G
20429,G
5030,G
958,G
4999,G
974,G
20721,G
4991,G
9224,G
20730,G
18945,G
993,G
18932,G
4969,G
4961,G
9223,G
9222,G
7856,G
18919,G
4960,G
18907,G
4952,G
4945,G
19068,G
5057,G
19078,G
19086,G
907,G
19169,G
5183,G
5164,G
180,G
20604,G
19148,G
915,G
5152,G
7806,G
20742,G
173,G
9272,G
7819,G
19116,G
922,G
5122,G
19108,G
5108,G
930,G
937,G
5072,G
19132,G
18894,G
4935,G
18882,G
1065,G
12527,G
12532,G
18775,G
12535,G
12540,G
1075,G
12543,G
12548,G
12551,G
12524,G
1083,G
18756,G
12559,G
12564,G
18749,G
12567,G
1090,G
18741,G
12572,G
12575,G
4838,G
12556,G
5207,G
12519,G
18796,G
4921,G
18871,G
7897,G
18859,G
18847,G
4873,G
1027,G
18836,G
12476,G
1028,G
12516,G
12479,G
18823,G
12484,G
12487,G
12492,G
12495,G
12500,G
12503,G
12508,G
12511,G
4857,G
1035,G
12583,G
19183,G
892,G
7631,G
19483,G
20490,G
19471,G
19463,G
7662,G
20506,G
7708,G
19445,G
5779,G
11537,G
19435,G
20521,G
795,G
19427,G
9395,G
7716,G
20536,G
19411,G
19399,G
5709,G
11511,G
19494,G
20476,G
7569,G
19588,G
9626,G
19573,G
5836,G
7510,G
20441,G
19558,G
11431,G
1487,G
7518,G
19391,G
19543,G
7526,G
20457,G
7538,G
223,G
19519,G
5806,G
5798,G
772,G
19511,G
7555,G
11457,G
9382,G
7729,G
19376,G
7762,G
20573,G
19279,G
5415,G
19270,G
5388,G
5374,G
5321,G
19256,G
5293,G
188,G
5286,G
19235,G
5272,G
20588,G
19219,G
883,G
884,G
19205,G
5237,G
891,G
19197,G
7778,G
5223,G
857,G
5472,G
5645,G
819,G
19368,G
5623,G
20552,G
19352,G
5613,G
19344,G
5599,G
5591,G
19296,G
7743,G
19329,G
5572,G
19321,G
5520,G
5513,G
19313,G
5493,G
848,G
5485,G
19304,G
20561,G
1488,G
7004,G
2124,G
13880,G
3870,G
2473,G
3936,G
17302,G
2463,G
14279,G
17685,G
13877,G
13873,G
3956,G
13495,G
14283,G
3963,G
17678,G
17310,G
13499,G
13870,G
3971,G
13492,G
2454,G
1684,G
4563,G
13471,G
17286,G
8349,G
3798,G
13474,G
13478,G
3811,G
2488,G
13894,G
8611,G
2481,G
16931,G
13481,G
13485,G
13891,G
13887,G
17294,G
3856,G
13488,G
13884,G
13502,G
14286,G
14290,G
13856,G
8387,G
1708,G
13523,G
17328,G
2441,G
13527,G
4019,G
4026,G
13852,G
13530,G
2428,G
4552,G
13849,G
13845,G
13534,G
4311,G
2427,G
4036,G
1707,G
2247,G
14300,G
13520,G
13506,G
1963,G
13866,G
17670,G
3978,G
3992,G
17318,G
14293,G
13509,G
13898,G
20955,G
13513,G
2240,G
13863,G
16671,G
1700,G
13516,G
13859,G
14297,G
17,G
4000,G
13467,G
1668,G
13901,G
4588,G
13408,G
2217,G
1624,G
13947,G
3701,G
2018,G
13943,G
17767,G
13411,G
2534,G
17234,G
13415,G
17760,G
14258,G
13940,G
13418,G
2011,G
13936,G
17779,G
14255,G
14251,G
3680,G
14244,G
17799,G
13390,G
13957,G
3609,G
13394,G
14248,G
20994,G
3651,G
13422,G
3658,G
2550,G
13954,G
3665,G
13950,G
17222,G
17789,G
13401,G
2543,G
13404,G
13397,G
13842,G
3721,G
3734,G
17260,G
14993,G
13919,G
13915,G
8669,G
1645,G
13446,G
17270,G
13450,G
3790,G
2496,G
13908,G
13453,G
13457,G
13460,G
1985,G
13464,G
13905,G
4429,G
4320,G
13443,G
4579,G
17730,G
17750,G
2525,G
14265,G
4498,G
13429,G
14269,G
1636,G
1637,G
13933,G
1635,G
13929,G
17740,G
13432,G
13436,G
2002,G
13926,G
14272,G
13439,G
13922,G
3749,G
2225,G
4418,G
13537,G
1727,G
13639,G
8710,G
20980,G
13744,G
4228,G
2314,G
13740,G
1879,G
4248,G
13737,G
8639,G
8323,G
14433,G
14426,G
14356,G
20987,G
48,G
13733,G
14419,G
13747,G
14412,G
1886,G
13751,G
13614,G
13765,G
13618,G
1792,G
1793,G
13761,G
13621,G
13625,G
13758,G
17422,G
4204,G
13754,G
13628,G
13632,G
1801,G
1802,G
2274,G
13635,G
4513,G
17429,G
4291,G
17515,G
2301,G
13667,G
13705,G
14367,G
13670,G
1827,G
13674,G
13702,G
13698,G
14377,G
13677,G
13681,G
14374,G
14370,G
2284,G
13684,G
13688,G
13695,G
13691,G
1846,G
13709,G
2293,G
14384,G
14391,G
14405,G
13642,G
14360,G
1811,G
13646,G
13730,G
4486,G
13649,G
13653,G
17414,G
13726,G
13719,G
1819,G
13656,G
13660,G
13716,G
13712,G
14398,G
13663,G
14363,G
13723,G
13768,G
13611,G
13772,G
13810,G
8739,G
4100,G
13807,G
4107,G
4121,G
2381,G
20964,G
13803,G
2254,G
20972,G
13800,G
17376,G
17379,G
2374,G
2255,G
13796,G
17604,G
13558,G
13814,G
14311,G
13817,G
17624,G
13541,G
13835,G
4451,G
4044,G
13831,G
4051,G
13544,G
17348,G
13548,G
13562,G
14307,G
1742,G
1936,G
4059,G
13828,G
13551,G
4545,G
13555,G
13824,G
13821,G
1937,G
13838,G
14314,G
14321,G
13590,G
13786,G
14339,G
4176,G
14342,G
13593,G
13597,G
13782,G
8624,G
14349,G
13600,G
4527,G
13604,G
13779,G
4190,G
13607,G
1902,G
13775,G
8632,G
13586,G
1909,G
2359,G
1765,G
17384,G
13565,G
4138,G
13569,G
17387,G
4145,G
13572,G
13793,G
1911,G
14318,G
1756,G
1910,G
13789,G
14328,G
13579,G
13583,G
14335,G
4153,G
4160,G
17395,G
13576,G
3579,G
13425,G
14024,G
14017,G
14013,G
13311,G
17985,G
14132,G
13316,G
3025,G
14062,G
2174,G
13319,G
14181,G
4349,G
2097,G
3268,G
8252,G
3016,G
17894,G
3261,G
13303,G
13215,G
2834,G
14178,G
8342,G
40,G
3032,G
13308,G
3222,G
2068,G
2728,G
13212,G
14136,G
3246,G
14020,G
17150,G
13207,G
17884,G
14073,G
3298,G
13334,G
2842,G
3305,G
13338,G
13199,G
14195,G
3000,G
2690,G
2689,G
3355,G
8686,G
3362,G
14199,G
17162,G
1505,G
14188,G
13324,G
14185,G
3275,G
2841,G
13327,G
13331,G
13204,G
14066,G
3284,G
14129,G
14010,G
14006,G
14069,G
17874,G
3093,G
3199,G
2147,G
14174,G
3192,G
2787,G
13236,G
21040,G
13231,G
3065,G
14160,G
2788,G
14164,G
13252,G
14038,G
4391,G
13255,G
2076,G
14143,G
1534,G
14052,G
13247,G
3114,G
14045,G
14150,G
14153,G
17950,G
13239,G
14157,G
14041,G
1524,G
20946,G
1525,G
13244,G
14146,G
14048,G
17117,G
3080,G
13260,G
17863,G
14034,G
13263,G
13220,G
3566,G
3177,G
13287,G
1560,G
8679,G
14059,G
13292,G
17973,G
17135,G
3184,G
2751,G
13295,G
13300,G
2167,G
13284,G
3164,G
3039,G
13268,G
14139,G
14167,G
13271,G
13276,G
3154,G
17105,G
13228,G
13223,G
14031,G
13279,G
14027,G
14055,G
3162,G
3163,G
17962,G
2676,G
17997,G
2138,G
2872,G
2202,G
2920,G
13985,G
13369,G
13373,G
14090,G
14094,G
13982,G
13978,G
18026,G
14230,G
3491,G
2611,G
13180,G
14111,G
17830,G
14125,G
2946,G
3389,G
2659,G
1497,G
13362,G
2871,G
14227,G
13366,G
14087,G
2644,G
13989,G
3436,G
2619,G
1496,G
13992,G
16075,G
3498,G
3505,G
14237,G
17202,G
13172,G
13167,G
18037,G
14108,G
13964,G
17810,G
13383,G
13387,G
13961,G
14104,G
3544,G
2029,G
14241,G
2910,G
13968,G
3530,G
2903,G
13975,G
17820,G
13376,G
2894,G
14097,G
1608,G
13380,G
13175,G
13971,G
16165,G
2036,G
14101,G
2581,G
3506,G
2971,G
3100,G
8528,G
13188,G
2050,G
14080,G
13348,G
2972,G
17851,G
14076,G
14213,G
13355,G
8763,G
4658,G
13196,G
13191,G
14206,G
13996,G
14118,G
2850,G
14223,G
18004,G
13352,G
4611,G
17083,G
3370,G
14122,G
8,G
13359,G
2979,G
13999,G
17840,G
13341,G
2857,G
14216,G
3382,G
14202,G
14083,G
18015,G
13183,G
2131,G
14209,G
17174,G
13345,G
7525,H
14151,H
17388,H
14123,H
19844,H
2283,H
17084,H
7439,H
19079,H
19859,H
19664,H
19544,H
13703,H
7517,H
17385,H
5071,H
14074,H
13696,H
11044,H
11458,H
19589,H
5889,H
14144,H
20394,H
14354,H
14109,H
14102,H
172,H
13738,H
19619,H
4998,H
13794,H
14333,H
13745,H
19087,H
19069,H
5151,H
11088,H
20404,H
19117,H
13731,H
13717,H
5945,H
14088,H
957,H
20442,H
4290,H
2273,H
13724,H
2096,H
1901,H
13773,H
929,H
2146,H
19109,H
13766,H
17415,H
5868,H
13759,H
19559,H
13780,H
319,H
1878,H
20430,H
17106,H
17396,H
11432,H
13752,H
20414,H
14067,H
13787,H
757,H
19133,H
9625,H
19634,H
14347,H
19649,H
13710,H
14130,H
19574,H
14095,H
4485,H
14060,H
19604,H
14116,H
14137,H
4417,H
6088,H
13913,H
19436,H
14277,H
19305,H
13920,H
4319,H
5492,H
11170,H
17261,H
19724,H
17175,H
20522,H
19314,H
19428,H
14214,H
14270,H
2001,H
19322,H
13927,H
17271,H
2049,H
4428,H
14207,H
17295,H
19271,H
13892,H
17163,H
5414,H
16932,H
19280,H
20995,H
14200,H
17287,H
19446,H
13899,H
13997,H
856,H
1984,H
11538,H
13906,H
19784,H
794,H
19297,H
6045,H
9394,H
13934,H
6018,H
20553,H
269,H
14235,H
17223,H
14249,H
5622,H
13969,H
19754,H
19392,H
17203,H
19369,H
5644,H
13955,H
14242,H
13962,H
11192,H
19377,H
2028,H
19353,H
5778,H
2216,H
13948,H
7343,H
13990,H
19330,H
7305,H
20537,H
19769,H
20562,H
14228,H
2010,H
19412,H
11202,H
17235,H
5598,H
13983,H
13941,H
19345,H
19739,H
14256,H
19400,H
13976,H
19149,H
13885,H
20507,H
13829,H
4310,H
5222,H
5797,H
17349,H
14165,H
7554,H
222,H
19198,H
723,H
14032,H
13836,H
14305,H
4450,H
13843,H
20935,H
722,H
14025,H
13850,H
19512,H
7234,H
19184,H
14039,H
14046,H
7805,H
20458,H
311,H
20605,H
17380,H
19829,H
17377,H
13801,H
14158,H
17118,H
19170,H
19679,H
19520,H
906,H
14312,H
13808,H
6078,H
13815,H
5805,H
14004,H
882,H
17329,H
20384,H
14179,H
14011,H
19799,H
20491,H
20574,H
17311,H
19472,H
13871,H
11233,H
17151,H
19257,H
5320,H
13878,H
14186,H
7661,H
17303,H
19464,H
19709,H
292,H
19814,H
7777,H
13864,H
19495,H
17136,H
11512,H
13857,H
19220,H
11241,H
14298,H
6062,H
687,H
20589,H
19694,H
5270,H
5271,H
1962,H
17319,H
2067,H
19236,H
14018,H
2239,H
2238,H
20722,H
19206,H
13423,H
534,H
535,H
12781,H
17831,H
20916,H
13367,H
2618,H
3489,H
12773,H
13374,H
3490,H
20127,H
12765,H
4787,H
12757,H
17821,H
12749,H
13381,H
18399,H
1607,H
10525,H
3543,H
363,H
12741,H
17811,H
18411,H
20112,H
2658,H
1234,H
12789,H
13360,H
6706,H
12861,H
13332,H
12853,H
1274,H
13339,H
12845,H
6693,H
17864,H
12837,H
13346,H
2675,H
12829,H
12733,H
3369,H
12821,H
17852,H
1252,H
12813,H
13353,H
12805,H
526,H
3381,H
17841,H
18352,H
6658,H
8835,H
12797,H
7039,H
13388,H
3565,H
18419,H
3720,H
553,H
19874,H
3733,H
8082,H
17751,H
8986,H
13430,H
2524,H
349,H
17741,H
13437,H
127,H
8115,H
16,H
10619,H
20843,H
3748,H
17731,H
20057,H
14994,H
20826,H
13444,H
6528,H
1644,H
20047,H
20809,H
9079,H
8610,H
1284,H
13416,H
2533,H
12725,H
17800,H
3608,H
4801,H
18427,H
1197,H
3649,H
12717,H
13395,H
18435,H
3650,H
544,H
17790,H
20887,H
3679,H
13402,H
2542,H
12701,H
6583,H
20906,H
17780,H
13409,H
1623,H
3700,H
20897,H
20083,H
17768,H
4587,H
12709,H
1285,H
17875,H
3297,H
13093,H
6904,H
13085,H
4657,H
13205,H
1433,H
445,H
13077,H
3023,H
3024,H
17986,H
13069,H
13213,H
13197,H
6881,H
2833,H
13053,H
3038,H
17974,H
6866,H
13045,H
13221,H
6850,H
13037,H
4702,H
3064,H
17963,H
10289,H
13061,H
13029,H
13101,H
1447,H
16166,H
13165,H
18038,H
1486,H
403,H
13157,H
13173,H
2893,H
13149,H
18027,H
13141,H
13181,H
412,H
2999,H
2919,H
1495,H
4674,H
1464,H
6950,H
13125,H
18016,H
13189,H
13117,H
430,H
13109,H
2849,H
18005,H
1448,H
13133,H
13451,H
1405,H
3079,H
13285,H
8227,H
12941,H
6757,H
13293,H
1331,H
12933,H
2750,H
12925,H
13301,H
3221,H
12917,H
13309,H
1344,H
20947,H
17895,H
6719,H
12901,H
1307,H
13317,H
12893,H
504,H
12885,H
17885,H
13325,H
12877,H
3283,H
12869,H
12909,H
13229,H
3161,H
12949,H
13021,H
13237,H
13013,H
1397,H
7003,H
3092,H
20925,H
17951,H
6801,H
13005,H
12997,H
3113,H
12989,H
13277,H
13245,H
21041,H
12981,H
1533,H
10337,H
12973,H
13253,H
8527,H
12965,H
13261,H
487,H
13269,H
12957,H
3153,H
1374,H
10658,H
12504,H
20794,H
12536,H
10839,H
2373,H
12533,H
13563,H
2372,H
12528,H
1064,H
12525,H
13570,H
12520,H
12517,H
13577,H
19942,H
12512,H
4152,H
12509,H
13584,H
239,H
12501,H
1764,H
12496,H
12493,H
6303,H
13591,H
12488,H
8386,H
1074,H
17605,H
12541,H
19952,H
19973,H
20755,H
12592,H
1741,H
4058,H
12589,H
18728,H
13549,H
12584,H
12581,H
12576,H
12573,H
13556,H
12485,H
18742,H
20956,H
19962,H
4099,H
12565,H
8738,H
12560,H
3789,H
20965,H
1082,H
12552,H
20973,H
12549,H
12544,H
12568,H
18716,H
18824,H
12480,H
18895,H
20743,H
4944,H
47,H
17516,H
661,H
18908,H
4512,H
13647,H
4959,H
7132,H
18920,H
1818,H
13654,H
19889,H
4968,H
13661,H
18933,H
2292,H
13668,H
13675,H
18946,H
20731,H
14375,H
13682,H
4983,H
13689,H
19903,H
8322,H
4247,H
2313,H
4189,H
12477,H
13605,H
18837,H
4526,H
6263,H
4871,H
4872,H
13612,H
638,H
18848,H
10922,H
1791,H
13598,H
13619,H
18860,H
4203,H
13633,H
6236,H
18872,H
653,H
19911,H
13640,H
1809,H
1810,H
8709,H
18883,H
4227,H
13626,H
13542,H
12557,H
10796,H
3991,H
3999,H
2480,H
589,H
20767,H
3855,H
12677,H
12637,H
12632,H
13514,H
19997,H
12629,H
13479,H
12661,H
12624,H
18585,H
18668,H
13472,H
6425,H
16672,H
12685,H
18646,H
20035,H
13507,H
13486,H
13493,H
18610,H
20014,H
1683,H
18622,H
3955,H
4562,H
12669,H
1142,H
3869,H
20780,H
12653,H
20023,H
12597,H
13500,H
3970,H
18634,H
20005,H
12645,H
18598,H
17671,H
12640,H
9122,H
1699,H
17686,H
2495,H
18572,H
13528,H
18704,H
18692,H
348,H
4035,H
13465,H
13535,H
12605,H
9150,H
19981,H
12693,H
12608,H
3797,H
12613,H
347,H
4043,H
12621,H
12600,H
13521,H
1121,H
13458,H
6411,H
12616,H
597,H
19989,H
18680,H
2832,I
2291,I
14264,I
5888,I
14138,I
3063,I
4202,I
16167,I
552,I
19912,I
2145,I
4226,I
3719,I
3788,I
3954,I
2532,I
14362,I
20048,I
14271,I
2998,I
14404,I
3747,I
19890,I
20058,I
16933,I
14124,I
2282,I
3854,I
20036,I
14995,I
19785,I
19770,I
20405,I
19635,I
6903,I
14390,I
411,I
2312,I
14110,I
19650,I
19860,I
6899,I
14278,I
14131,I
20024,I
10657,I
2523,I
11043,I
4188,I
20015,I
14194,I
7342,I
6705,I
14187,I
19710,I
3282,I
19740,I
11232,I
19953,I
16673,I
503,I
19830,I
502,I
6718,I
10838,I
20126,I
14229,I
19963,I
14215,I
10795,I
19725,I
3380,I
14306,I
525,I
686,I
4098,I
4034,I
2674,I
7131,I
4309,I
11201,I
14201,I
19815,I
20113,I
310,I
20385,I
19695,I
14250,I
6800,I
2541,I
14152,I
6017,I
8385,I
11087,I
3091,I
21042,I
4318,I
14145,I
2272,I
20395,I
20084,I
19665,I
19680,I
10921,I
20006,I
19755,I
14313,I
4137,I
6061,I
14243,I
14173,I
19943,I
588,I
11191,I
19800,I
14166,I
3152,I
362,I
3678,I
19845,I
8526,I
6302,I
19875,I
13166,I
12542,I
12678,I
13480,I
12670,I
18599,I
20781,I
13487,I
18611,I
17687,I
12662,I
12654,I
13494,I
18623,I
4561,I
13501,I
18635,I
12646,I
18647,I
13508,I
20768,I
12638,I
12630,I
13515,I
18669,I
9149,I
12622,I
13522,I
18681,I
18586,I
13473,I
12686,I
18573,I
12710,I
13403,I
1622,I
12702,I
17781,I
20898,I
13410,I
17770,I
20888,I
13417,I
8114,I
4586,I
13424,I
1120,I
17752,I
13431,I
17742,I
13438,I
20844,I
17732,I
20827,I
20810,I
13445,I
13452,I
20795,I
13459,I
12694,I
13466,I
8985,I
12614,I
13529,I
18693,I
12486,I
18825,I
13599,I
12478,I
13606,I
18838,I
4525,I
13613,I
18849,I
13620,I
18861,I
13627,I
13634,I
13592,I
18873,I
20744,I
8321,I
4943,I
18896,I
17517,I
13641,I
18909,I
13648,I
18921,I
13655,I
13662,I
18934,I
20732,I
18884,I
17791,I
13585,I
12502,I
12606,I
13536,I
18705,I
20756,I
12598,I
18717,I
13543,I
12590,I
13550,I
12582,I
12574,I
13557,I
20957,I
12494,I
12566,I
12558,I
12550,I
17606,I
7438,I
1073,I
12534,I
13564,I
12526,I
13571,I
12518,I
13578,I
12510,I
1763,I
8737,I
20907,I
13396,I
18436,I
13222,I
13038,I
17964,I
13030,I
13230,I
13022,I
13238,I
13014,I
17952,I
20926,I
13006,I
12998,I
12990,I
13046,I
13246,I
1532,I
1373,I
1372,I
12974,I
13254,I
12966,I
13262,I
12958,I
13270,I
12950,I
13278,I
1343,I
12942,I
12982,I
13286,I
17975,I
13214,I
18039,I
13158,I
13174,I
20936,I
13150,I
18028,I
13142,I
4673,I
13182,I
13134,I
1463,I
18017,I
13126,I
13054,I
13190,I
13110,I
18006,I
13102,I
13198,I
13094,I
13086,I
4656,I
13206,I
13078,I
1432,I
17987,I
13070,I
13062,I
13118,I
13669,I
12934,I
1330,I
17842,I
12798,I
18353,I
13361,I
12790,I
1233,I
17832,I
12782,I
20917,I
13368,I
12774,I
13375,I
12766,I
12806,I
4786,I
12758,I
12750,I
18400,I
13382,I
17812,I
12742,I
12734,I
13389,I
17801,I
12726,I
4800,I
1196,I
12718,I
17822,I
13294,I
13354,I
17853,I
1329,I
12926,I
13302,I
12918,I
13310,I
12910,I
17896,I
12902,I
13318,I
12894,I
17886,I
12886,I
12878,I
12814,I
13326,I
17876,I
1283,I
12862,I
13333,I
12854,I
13340,I
20948,I
12846,I
17865,I
12838,I
13347,I
12830,I
12822,I
12870,I
18947,I
1396,I
13676,I
13935,I
19331,I
17236,I
19354,I
20554,I
17224,I
5621,I
13949,I
5643,I
13956,I
2027,I
19378,I
17204,I
13963,I
13970,I
19401,I
13977,I
13984,I
5777,I
19413,I
20538,I
2009,I
13928,I
2000,I
13921,I
17330,I
19221,I
13858,I
20590,I
1961,I
19237,I
13865,I
7776,I
20575,I
13872,I
13991,I
19258,I
13886,I
19272,I
5413,I
13893,I
19281,I
13900,I
13907,I
13914,I
4427,I
17262,I
13879,I
13851,I
17176,I
11539,I
11433,I
19545,I
17107,I
19560,I
20443,I
756,I
755,I
2095,I
14061,I
19575,I
9624,I
20431,I
19590,I
14075,I
5867,I
14089,I
19605,I
14096,I
20415,I
14103,I
19620,I
14054,I
14047,I
11459,I
20459,I
19437,I
793,I
13998,I
19447,I
17164,I
20508,I
17152,I
7660,I
19473,I
20492,I
20523,I
14012,I
17137,I
11513,I
19496,I
14026,I
221,I
14033,I
5796,I
17119,I
19521,I
14040,I
14019,I
13844,I
13942,I
17378,I
5150,I
13753,I
20723,I
13816,I
13809,I
13746,I
905,I
7804,I
13802,I
13823,I
19070,I
4997,I
13697,I
13704,I
5070,I
13788,I
20606,I
13795,I
13711,I
13718,I
13739,I
13760,I
19134,I
1877,I
13837,I
13683,I
17350,I
170,I
13732,I
19118,I
171,I
13690,I
13725,I
13774,I
19150,I
13830,I
13781,I
5221,I
13767,I
4982,I
20386,J
1342,J
19913,J
6717,J
19484,J
4225,J
19071,J
18850,J
19497,J
17887,J
19696,J
19861,J
18862,J
17897,J
11514,J
19474,J
17138,J
2271,J
7659,J
17833,J
20524,J
4187,J
18354,J
19726,J
11540,J
17843,J
524,J
3379,J
19438,J
18839,J
17854,J
19448,J
17165,J
17866,J
20509,J
4201,J
19711,J
17153,J
6704,J
10920,J
11231,J
17877,J
20493,J
18874,J
8320,J
17120,J
1431,J
18910,J
19651,J
19576,J
6902,J
4996,J
20432,J
5866,J
19891,J
18007,J
19591,J
18922,J
7437,J
17988,J
19876,J
1462,J
20937,J
20406,J
19636,J
19606,J
4672,J
18935,J
20416,J
18029,J
5887,J
20733,J
18040,J
16168,J
18018,J
5795,J
20927,J
17976,J
19681,J
3151,J
18885,J
19522,J
20745,J
20460,J
11460,J
6799,J
2281,J
11434,J
4942,J
17108,J
17953,J
17518,J
1395,J
20396,J
21043,J
19666,J
2311,J
19546,J
17965,J
3062,J
20444,J
8525,J
2831,J
19561,J
18897,J
2094,J
3090,J
17177,J
19621,J
1232,J
3853,J
18587,J
19282,J
19786,J
18574,J
20037,J
19831,J
7803,J
309,J
17263,J
8736,J
20796,J
4426,J
1999,J
20811,J
20049,J
10656,J
7997,J
7998,J
20828,J
14996,J
7999,J
19119,J
10837,J
17733,J
20607,J
3746,J
20782,J
16934,J
19964,J
20025,J
19816,J
17331,J
18682,J
17351,J
19222,J
16674,J
18706,J
18670,J
20591,J
20757,J
1960,J
10794,J
20769,J
20845,J
18648,J
4560,J
587,J
18636,J
19801,J
18624,J
19247,J
20576,J
18718,J
17688,J
18612,J
4094,J
4097,J
18600,J
19238,J
19954,J
20059,J
361,J
20555,J
17782,J
19151,J
18401,J
1072,J
19756,J
19402,J
17813,J
20094,J
2522,J
20908,J
17792,J
1195,J
20713,J
18437,J
11190,J
2026,J
20115,J
19944,J
19135,J
19379,J
20114,J
17205,J
19741,J
19846,J
17802,J
20085,J
18694,J
4785,J
17753,J
18816,J
17237,J
19355,J
17823,J
11200,J
19332,J
17743,J
18948,J
19414,J
3718,J
5620,J
17225,J
20889,J
20539,J
17771,J
17607,J
8113,J
19771,J
20525,K
20734,K
20770,K
20417,K
20592,K
20714,K
20540,K
20846,K
20577,K
20746,K
20461,K
20563,K
8319,K
20829,K
20608,K
8735,K
8112,K
20812,K
20797,K
20445,K
7658,K
20556,K
7802,K
20494,K
20783,K
360,K
20433,K
20510,K
20938,K
20758,K
16169,K
2521,K
18671,K
19356,K
18683,K
19727,K
11230,K
18695,K
3378,K
19333,K
18707,K
11461,K
18719,K
19475,K
19697,K
18817,K
19712,K
18840,K
19742,K
18653,K
18601,K
4200,K
18613,K
2093,K
18625,K
19380,K
18654,K
18637,K
2310,K
18649,K
18650,K
19757,K
18651,K
18652,K
19772,K
19802,K
18851,K
19682,K
19562,K
4995,K
19120,K
19239,K
17166,K
19136,K
5886,K
16935,K
19152,K
19607,K
19577,K
17154,K
19592,K
5865,K
6798,K
11435,K
19622,K
2270,K
18863,K
19547,K
18875,K
19667,K
18886,K
18898,K
18949,K
3150,K
18911,K
19283,K
18923,K
19637,K
19248,K
18936,K
19652,K
19523,K
19787,K
19403,K
17977,K
20026,K
17989,K
20038,K
18588,K
11541,K
18008,K
3089,K
20086,K
18019,K
18030,K
18041,K
1461,K
19449,K
1430,K
1394,K
3061,K
6716,K
1194,K
6703,K
18438,K
18402,K
4784,K
17966,K
523,K
20132,K
1231,K
3852,K
18355,K
16675,K
1341,K
3745,K
586,K
19223,K
11515,K
18575,K
19817,K
2025,K
17519,K
5794,K
19832,K
19415,K
17608,K
3717,K
19965,K
4559,K
4186,K
17772,K
19862,K
19847,K
17844,K
17855,K
17803,K
17898,K
19892,K
17867,K
19498,K
17954,K
19877,K
19284,L
19334,L
3744,L
19224,L
2520,L
20541,L
20593,L
20495,L
16936,L
20526,L
19381,L
20557,L
19240,L
2269,L
20578,L
19416,L
19357,L
2309,L
16676,L
4199,L
20511,L
19249,L
4185,L
19450,L
19404,L
11542,L
6797,L
2092,L
20784,L
18576,L
17520,L
20798,L
8318,L
17609,L
20813,L
8734,L
17769,L
17856,L
20830,L
17955,L
17978,L
17990,L
20939,L
20847,L
1460,L
1429,L
1393,L
1340,L
18356,L
4783,L
18403,L
18439,L
1193,L
18589,L
18602,L
18614,L
18626,L
20609,L
17155,L
19153,L
19137,L
20715,L
19121,L
4994,L
17167,L
18950,L
18937,L
20735,L
18924,L
7801,L
18912,L
18887,L
20747,L
18864,L
18852,L
18708,L
18696,L
20759,L
18684,L
18672,L
18655,L
20771,L
18638,L
18899,L
18720,L
8111,L
19476,L
19713,L
19698,L
19683,L
19668,L
19653,L
19638,L
5885,L
20418,L
3149,L
19608,L
19593,L
5864,L
20434,L
19578,L
19563,L
20446,L
19548,L
11462,L
3377,L
19728,L
19743,L
19758,L
19773,L
6715,L
6702,L
522,L
3060,L
3088,L
20116,L
359,L
20095,L
20087,L
20462,L
20039,L
585,L
19893,L
19878,L
19863,L
19848,L
19833,L
19818,L
19803,L
19788,L
20027,L
19524,L
19623,L
19485,L
3716,L
11516,L
19499,L
5793,L
7657,L
19714,M
11517,M
19729,M
19451,M
19744,M
19759,M
20542,M
4184,M
19789,M
18590,M
20785,M
19804,M
18577,M
20772,M
19774,M
19684,M
19819,M
19122,M
20527,M
4993,M
4990,M
5884,M
18951,M
19699,M
18938,M
18925,M
19639,M
18900,M
19654,M
11543,M
19669,M
19624,M
17521,M
20512,M
20419,M
20096,M
1459,M
1428,M
19477,M
3743,M
1392,M
3059,M
1339,M
20125,M
4782,M
521,M
6701,M
6714,M
20496,M
6796,M
20848,M
20799,M
2519,M
20088,M
19834,M
17610,M
8733,M
20814,M
19849,M
7994,M
7995,M
7996,M
19864,M
19879,M
20831,M
16677,M
584,M
7656,M
3148,M
358,M
19138,M
19486,M
4198,M
19335,M
11463,M
19500,M
20564,M
19417,M
19564,M
1192,M
7800,M
20558,M
19285,M
16937,M
19250,M
19579,M
20447,M
20594,M
20579,M
19225,M
19241,M
19549,M
19154,M
2308,M
20610,M
19609,M
19525,M
20463,M
19594,M
2091,M
19382,M
19358,M
3376,M
19383,N
19418,N
8732,N
17611,N
20497,N
19550,N
19835,N
20849,N
19478,N
20800,N
20543,N
17522,N
20513,N
19805,N
19242,N
20097,N
20786,N
20815,N
20580,N
20134,N
20448,N
1427,N
3147,N
20565,N
583,N
19359,N
20832,N
3742,N
19880,N
19286,N
16678,N
19336,N
19865,N
3058,N
19526,N
4781,N
1458,N
19850,N
11518,N
19790,N
19139,N
19820,N
19745,N
19501,N
19730,N
20595,N
20611,N
19155,N
19715,N
19580,N
19625,N
19700,N
11464,N
19640,N
19685,N
19565,N
19670,N
16938,N
11544,N
4992,N
19452,N
18952,N
19655,N
19226,N
19123,N
19775,N
19760,N
5883,N
19595,N
20420,N
20528,N
19610,N
20421,O
20544,O
19641,O
19502,O
20566,O
19479,O
11545,O
19581,O
19156,O
19360,O
19626,O
20498,O
19124,O
19337,O
20131,O
3741,O
20098,O
19596,O
16939,O
18953,O
19527,O
20612,O
19611,O
19384,O
20529,O
19227,O
19656,O
20801,O
19566,O
20581,O
19821,O
17523,O
19551,O
19140,O
19243,O
19761,O
19806,O
19453,O
19776,O
19419,O
20514,O
19791,O
19746,O
11519,O
19731,O
20449,O
19881,O
20833,O
19287,O
19487,O
19866,O
19686,O
16679,O
19851,O
19671,O
19701,O
20816,O
19716,O
20596,O
19836,O
8731,O
17612,O
17524,P
17613,P
8730,P
19141,P
19288,P
20499,P
19228,P
11520,P
19503,P
20597,P
19528,P
19454,P
19157,P
20450,P
20422,P
20613,P
19361,P
20545,P
20834,P
19125,P
18954,P
19420,P
20120,P
20817,P
11546,P
19244,P
11547,Q
19289,Q
19158,Q
20614,Q
20835,Q
17525,Q
20818,Q
8729,Q
19245,Q
19455,Q
17614,Q
20117,Q
19529,Q
19504,Q
11521,Q
19530,R
17526,R
8728,R
20123,R
19456,R
17615,R
19159,R
11548,R
11522,R
20615,R
17527,S
19160,S
11523,S
17616,S
20124,S
17617,T
19161,T
20121,T
11524,T
17528,T
6565,U
6564,U
6566,U
17618,U
11525,U
17529,U
11526,V
17619,V
17530,V
17531,W
11527,W
17620,W
17621,X
17532,X
11528,X
17076,X
11529,Y
17533,Y
11530,Z
17534,Z
18490,abduction
18491,advertisement
18458,anagram
18502,aplusb
18519,apples
18520,banner
18474,belt
18521,bookshelf
18537,broadcasting
18536,broadcasting
18538,broadcasting
18539,broadcasting
18540,broadcasting
18459,building
18541,building
18475,cheating
18542,chinese
18492,chopsticks
18460,circuit
18476,committee
18543,constellation
18503,contest
18493,contest
18544,copypaste
18522,deciphering
18494,distribution
18504,dna
18523,dragon
18477,election
18479,election
18478,election
18481,election
18480,election
18461,factorial
18462,fermat
18463,fiber
18505,finals
18545,fish
18482,flu
18546,fortune
18483,fraction
18524,guess
18506,hideseek
18507,highway
18547,invitation
18525,ioi
18548,joi
18526,joitter
18549,kangaroo
18527,keycards
18508,lake
18464,lines
18495,logo
18465,mall
18484,nightman
18485,nile
18528,orienteering
18486,origami
18470,packing
18469,packing
18468,packing
18467,packing
18466,packing
18509,plugs
18510,poster
18496,pyramid
18511,regions
18529,report
18550,rotate
18471,route
18487,ruins
18472,salt
18473,score
18512,sengoku
18497,sequence
18488,sheet
18530,shiritori
18517,simroad
18515,simroad
18514,simroad
18513,simroad
18516,simroad
18498,ski
18551,sokoban
18518,stairs
18499,stamps
18500,starry
18501,territory
18489,typhoon
18531,ufo
18532,ufo
18533,ufo
18535,ufo
18534,ufo
7471,
7472,
7473,
7474,
7475,
7476,
7477,
7478,
7479,
7480,
7481,
7482,
7483,
7484,
18118,
18119,
18120,
18121,
18122,
18552,
18553,
18554,
18555,
18556,
18557,
18558,
18559,
18560,
18561,
18562,
18563,
18564,
18985,
18986,
18987,
18988,
18989,
18990,
18991,
18992,
18993,
18994,
18995,
18996,
18997,
18998,
18999,
19000,
19001,
19002,
19003,
19004,
19005,
19006,
19007,
19008,
19009,
19010,
19011,
19012,
19013,
19014,
19015,
19016,
19017,
19018,
19019,
19020,
19021,
19022,
19023,
19024,
19025,
19026,
19027,
19028,
19029,
19030,
19031,
19032,
19033,
19034,
19035,
19036,
19037,
19038,
19039,
19040,
19041,
19042,
19043,
19044,
19045,
19046,
19047,
19048,
19049,
19050,
19051,
19052,
19053,
19054,
19055,
19056,
19057,
19058,
19059,
19060,
19061,
20616,
20617,
20618,
20619,
20620,
20621,
20622,
20623,
20624,
20625,
20626,
20627,
20628,
20629,
20630,
20631,
20632,
20633,
20634,
20635,
20636,
20637,
20638,
20639,
20640,
20641,
20642,
20643,
20644,
20645,
20646,
20647,
20648,
20649,
20650,
20651,
20652,
20653,
20654,
20655,
20656,
20657,
20658,
20659,
20660,
20661,
20662,
20663,
20664,
20665,
20666,
20667,
20668,
20669,
20670,
20671,
20672,
20673,
20674,
20675,
20676,
20677,
20678,
20679,
20680,
20681,
20682,
20683,
20684,
20685,
20686,
20687,
20688,
20689,
20690,
20691,
20692,
20693,
20694,
20695,
20696,
20697,
20698,
20699,
20700,
20701,
20702,
20703,
20704,
20705,
21050,
21051,
21052,
21053,
21054,
21055,
21056,
21057,
21058,
21059,
21060,
21061,
21062,
21063,
21064,
21065,
21066,
21067,
21068,
21069,
21070,
21071,
21072,
21073,
21074,
21075,
21076,
21077,
21078,
21079,
21080,
21081,
21082,
21083,
21084,
21085,
21086,
21087,
21088,
21089,
21090,
21091,
21092,
21093,
21094,
21095,
21096,
21097,
21098,
21099,
21100,
21101,
21102,
21103,
21104,
21105,
21106,
21107,
21108,
21109,
21110,
21111,
21112,
21113,
21114,
21115,
21116,
21117,
21118,
21119,
21120,
21121,
21122,
21123,
21124,
21125,
21126,
21127,
21128,
21129,
21130,
21131,
21132,
21133,
21134,
21135,
21136,
21137,
21138,
21139,
21140,
21141,
21142,
21143,
21144,
21145,
21146,
21147,
21148,
21149,
21150,
21151,
21152,
21153,
21154,
21155,
21156,
21157,
21158,
21159,
21160,
21161,
21162,
21163,
21164,
21165,
21166,
21167,
21168,
21169,
21170,
21171,
21172,
21173,
21174,
21175,
21176,
21177,
21178,
21179,
21180,
21181,
21182,
21183,
21184,
21185,
21186,
21187,
21188,
21189,
21190,
21191,
21192,
21193,
21194,
21195,
21196,
21197,
21198,
21199,
21200,
21201,
21202,
21203,
21204,
21205,
21206,
21207,
21208,
21209,
21210,
21211,
21212,
21213,
21214,
21215,
21216,
21217,
21218,
21219,
21220,
21221,
21222,
21223,
21224,
21225,
21226,
21227,
21228,
21229,
21230,
21231,
21232,
21233,
21234,
21235,
21236,
21237,
21238,
21239,
21240,
21241,
21242,
21243,
21244,
21245,
21246,
21247,
21248,
21249,
21250,
21251,
21252,
21253,
21254,
21255,
21256,
21257,
21258,
21259,
21260,
21261,
21262,
21263,
21264,
21265,
21266,
21267,
21268,
21269,
21270,
21271,
21272,
21273,
21274,
21275,
21276,
21277,
21278,
21279,
21280,
21281,
21282,
21283,
21284,
21285,
21286,
21287,
21288,
21289,
21290,
21291,
21292,
21293,
21294,
21295,
21296,
21297,
21298,
21299,
21300,
21301,
21302,
21303,
21304,
21305,
21306,
21307,
21308,
21309,
21310,
21311,
21312,
21313,
21314,
21315,
21316,
21317,
21318,
21319,
21320,
21321,
21322,
21323,
21324,
21325,
21326,
21327,
21328,
21329,
21330,
21331,
21332,
21333,
21334,
21335,
21336,
21337,
21338,
21339,
21340,
21341,
21342,
21343,
21344,
21345,
21346,
21347,
21348,
21349,
21350,
21351,
21352,
21353,
21354,
21355,
21356,
21357,
21358,
21359,
21360,
21361,
21362,
21363,
21364,
21365,
21366,
21367,
21368,
21369,
21370,
21371,
21372,
21373,
21374,
21375,
21376,
21377,
21378,
21379,
21380,
21381,
21382,
21383,
21384,
21385,
21386,
21387,
21388,
21389,
21390,
21391,
21392,
21393,
21394,
21395,
21396,
21397,
21398,
21399,
21400,
21401,
21402,
21403,
21404,
21405,
21406,
21407,
21408,
21409,
21410,
21411,
21412,
21413,
21414,
21415,
21416,
21417,
21418,
21419,
21420,
21421,
21422,
21423,
21424,
21425,
21426,
21427,
21428,
21429,
21430,
21431,
21432,
21433,
21434,
21435,
21436,
21437,
21438,
21439,
21440,
21441,
21442,
21443,
21444,
21445,
21446,
21447,
21448,
21449,
21450,
21451,
21452,
21453,
21454,
21455,
21456,
21457,
21458,
21459,
21460,
21461,
21462,
21463,
21464,
21465,
21466,
21467,
21468,
21469,
21470,
21471,
21472,
21473,
21474,
21475,
21476,
21477,
21478,
21479,
21480,
21481,
21482,
21483,
21484,
21485,
21486,
21487,
21488,
21489,
21490,
21491,
21492,
21493,
21494,
21495,
21496,
21497,
21498,
21499,
21500,
21501,
21502,
21503,
21504,
21505,
21506,
21507,
21508,
21509,
21510,
21511,
21512,
21513,
21514,
21515,
21516,
21517,
21518,
21519,
21520,
21521,
21522,
21523,
21524,
21525,
21526,
21527,
21528,
21529,
21530,
21531,
21532,
21533,
21534,
21535,
21536,
21537,
21538,
21539,
21540,
21541,
21542,
21543,
21544,
21545,
21546,
21547,
21548,
21549,
21550,
21551,
21552,
21553,
21554,
21555,
21556,
21557,
21558,
21559,
21560,
21561,
21562,
21563,
21564,
21565,
21566,
21567,
21568,
21569,
21570,
21571,
21572,
21573,
21574,
21575,
21576,
21577,
21578,
21579,
21580,
21581,
21582,
21583,
21584,
21585,
21586,
21587,
21588,
21589,
21590,
21591,
21592,
21593,
21594,
21595,
21596,
21597,
21598,
21599,
21600,
21601,
21602,
21603,
21604,
21605,
21606,
21607,
21608,
21609,
21610,
21611,
21612,
21613,
21614,
21615,
21616,
21617,
21618,
21619,
21620,
21621,
21622,
21623,
21624,
21625,
21626,
21627,
21628,
21629,
21630,
21631,
21632,
21633,
21634,
21635,
21636,
21637,
21638,
21639,
21640,
21641,
21642,
21643,
21644,
21645,
21646,
21647,
21648,
21649,
21650,
21651,
21652,
21653,
21654,
21655,
21656,
21657,
21658,
21659,
21660,
21661,
21662,
21663,
21664,
21665,
21666,
21667,
21668,
21669,
21670,
21671,
21672,
21673,
21674,
21675,
21676,
21677,
21678,
21679,
21680,
21681,
21682,
21683,
21684,
21685,
21686,
21687,
21688,
21689,
21690,
21691,
21692,
21693,
21694,
21695,
21696,
21697,
21698,
21699,
21700,
21701,
21702,
21703,
21704,
21705,
21706,
21707,
21708,
21709,
21710,
21711,
21712,
21713,
21714,
21715,
21716,
21717,
21718,
21719,
21720,
21721,
21722,
21723,
21724,
21725,
21726,
21727,
21728,
21729,
21730,
21731,
21732,
21733,
21734,
21735,
21736,
21737,
21738,
21739,
21740,
21741,
21742,
21743,
21744,
21745,
21746,
21747,
21748,
21749,
21750,
21751,
21752,
21753,
21754,
21755,
21756,
21757,
21758,
21759,
21760,
21761,
21762,
21763,
21764,
21765,
21766,
21767,
21768,
21769,
21770,
21771,
21772,
21773,
21774,
21775,
21776,
21777,
21778,
21779,
21780,
21781,
21782,
21783,
21784,
21785,
21786,
21787,
21788,
21789,
21790,
21791,
21792,
21793,
21794,
21795,
21796,
21797,
21798,
21799,
21800,
21801,
21802,
21803,
21804,
21805,
21806,
21807,
21808,
21809,
21810,
21811,
21812,
21813,
21814,
21815,
21816,
21817,
21818,
21819,
21820,
21821,
21822,
21823,
21824,
21825,
21826,
21827,
21828,
21829,
21830,
21831,
21832,
21833,
21834,
21835,
21836,
21837,
21838,
21839,
21840,
21841,
21842,
21843,
21844,
21845,
21846,
21847,
21848,
21849,
21850,
21851,
21852,
21853,
21854,
21855,
21856,
21857,
21858,
21859,
21860,
21861,
21862,
21863,
21864,
21865,
21866,
21867,
21868,
21869,
21870,
21871,
21872,
21873,
21874,
21875,
21876,
21877,
21878,
21879,
21880,
21881,
21882,
21883,
21884,
21885,
21886,
21887,
21888,
21889,
21890,
21891,
21892,
21893,
21894,
21895,
21896,
21897,
21898,
21899,
21900,
21901,
21902,
21903,
21904,
21905,
21906,
21907,
21908,
21909,
21910,
21911,
21912,
21913,
21914,
21915,
21916,
21917,
21918,
21919,
21920,
21921,
21922,
21923,
21924,
21925,
21926,
21927,
21928,
21929,
21930,
21931,
21932,
21933,
21934,
21935,
21936,
21937,
21938,
21939,
21940,
21941,
21942,
21943,
21944,
21945,
21946,
21947,
21948,
21949,
21950,
21951,
21952,
21953,
21954,
21955,
21956,
21957,
21958,
21959,
21960,
21961,
21962,
21963,
21964,
21965,
21966,
21967,
21968,
21969,
21970,
21971,
21972,
21973,
21974,
21975,
21976,
21977,
21978,
21979,
21980,
21981,
21982,
21983,
21984,
21985,
21986,
21987,
21988,
21989,
21990,
21991,
21992,
21993,
21994,
21995,
21996,
21997,
21998,
21999,
22000,
22001,
22002,
22003,
22004,
22005,
22006,
22007,
22008,
22009,
22010,
22011,
22012,
22013,
22014,
22015,
22016,
22017,
22018,
22019,
22020,
22021,
22022,
22023,
22024,
22025,
22026,
22027,
22028,
22029,
22030,
22031,
22032,
22033,
22034,
22035,
22036,
22037,
22038,
22039,
22040,
22041,
22042,
22043,
22044,
22045,
22046,
22047,
22048,
22049,
22050,
22051,
22052,
22053,
22054,
22055,
22056,
22057,
22058,
22059,
22060,
22061,
22062,
22063,
22064,
22065,
22066,
22067,
22068,
22069,
22070,
22071,
22072,
22073,
22074,
22075,
22076,
22077,
22078,
22079,
22080,
22081,
22082,
22083,
22084,
22085,
22086,
22087,
22088,
22089,
22090,
22091,
22092,
22093,
22094,
22095,
22096,
22097,
22098,
22099,
22100,
22101,
22102,
22103,
22104,
22105,
22106,
22107,
22108,
22109,
22110,
22111,
22112,
22113,
22114,
22115,
22116,
22117,
22118,
22119,
22120,
22121,
22122,
22123,
22124,
22125,
22126,
22127,
22128,
22129,
22130,
22131,
22132,
22133,
22134,
22135,
22136,
22137,
22138,
22139,
22140,
22141,
22142,
22143,
22144,
22145,
22146,
22147,
22148,
22149,
22150,
22151,
22152,
22153,
22154,
22155,
22156,
22157,
22158,
22159,
22160,
22161,
22162,
22163,
22164,
22165,
22166,
22167,
22168,
22169,
22170,
22171,
22172,
22173,
22174,
22175,
22176,
22177,
22178,
22179,
22180,
22181,
22182,
22183,
22184,
22185,
22186,
22187,
22188,
22189,
22190,
22191,
22192,
22193,
22194,
22195,
22196,
22197,
22198,
22199,
22200,
22201,
22202,
22203,
22204,
22205,
22206,
22207,
22208,
22209,
22210,
22211,
22212,
22213,
22214,
22215,
22216,
22217,
22218,
22219,
22220,
22221,
22222,
22223,
22224,
22225,
22226,
22227,
22228,
22229,
22230,
22231,
22232,
22233,
22234,
22235,
22236,
22237,
22238,
22239,
22240,
22241,
22242,
22243,
22244,
22245,
22246,
22247,
22248,
22249,
22250,
22251,
22252,
22253,
22254,
22255,
22256,
22257,
22258,
22259,
22260,
22261,
22262,
22263,
22264,
22265,
22266,
22267,
22268,
22269,
22270,
22271,
22272,
22273,
22274,
22275,
22276,
22277,
22278,
22279,
22280,
22281,
22282,
22283,
22284,
22285,
22286,
22287,
22288,
22289,
22290,
22291,
22292,
22293,
22294,
22295,
22296,
22297,
22298,
22299,
22300,
22301,
22302,
22303,
22304,
22305,
22306,
22307,
22308,
22309,
22310,
22311,
22312,
22313,
22314,
22315,
22316,
22317,
22318,
22319,
22320,
22321,
22322,
22323,
22324,
22325,
22326,
22327,
22328,
22329,
22330,
22331,
22332,
22333,
22334,
22335,
22336,
22337,
22338,
22339,
22340,
22341,
22342,
22343,
22344,
22345,
22346,
22347,
22348,
22349,
22350,
22351,
22352,
22353,
22354,
22355,
22356,
22357,
22358,
22359,
22360,
22361,
22362,
22363,
22364,
22365,
22366,
22367,
22368,
22369,
22370,
22371,
22372,
22373,
22374,
22375,
22376,
22377,
22378,
22379,
22380,
22381,
22382,
22383,
22384,
22385,
22386,
22387,
22388,
22389,
22390,
22391,
22392,
22393,
22394,
22395,
22396,
22397,
22398,
22399,
22400,
22401,
22402,
22403,
22404,
22405,
22406,
22407,
22408,
22409,
22410,
22411,
22412,
22413,
22414,
22415,
22416,
22417,
22418,
22419,
22420,
22421,
22422,
22423,
22424,
22425,
22426,
22427,
22428,
22429,
22430,
22431,
22432,
22433,
22434,
22435,
22436,
22437,
22438,
22439,
22440,
22441,
22442,
22443,
22444,
22445,
22446,
22447,
22448,
22449,
22450,
22451,
22452,
22453,
22454,
22455,
22456,
22457,
22458,
22459,
22460,
22461,
22462,
22463,
22464,
22465,
22466,
22467,
22468,
22469,
22470,
22471,
22472,
22473,
22474,
22475,
22476,
22477,
22478,
22479,
22480,
22481,
22482,
22483,
22484,
22485,
22486,
22487,
22488,
22489,
22490,
22491,
22492,
22493,
22494,
22495,
22496,
22497,
22498,
22499,
22500,
22501,
22502,
22503,
22504,
22505,
22506,
22507,
22508,
22509,
22510,
22511,
22512,
22513,
22514,
22515,
22516,
22517,
22518,
22519,
22520,
22521,
22522,
22523,
22524,
22525,
22526,
22527,
22528,
22529,
22530,
22531,
22532,
22533,
22534,
22535,
22536,
22537,
22538,
22539,
22540,
22541,
22542,
22543,
22544,
22545,
22546,
22547,
22548,
22549,
22550,
22551,
22552,
22553,
22554,
22555,
22556,
22557,
22558,
22559,
22560,
22561,
22562,
22563,
22564,
22565,
22566,
22567,
22568,
22569,
22570,
22571,
22572,
22573,
22574,
22575,
22576,
22577,
22578,
22579,
22580,
22581,
22582,
22583,
22584,
22585,
22586,
22587,
22588,
22589,
22590,
22591,
22592,
22593,
22594,
22595,
22596,
22597,
22598,
22599,
22600,
22601,
22602,
22603,
22604,
22605,
22606,
22607,
22608,
22609,
22610,
22611,
22612,
22613,
22614,
22615,
22616,
22617,
22618,
22619,
22620,
22621,
22622,
22623,
22624,
22625,
22626,
22627,
22628,
22629,
22630,
22631,
22632,
22633,
22634,
22635,
22636,
22637,
22638,
22639,
22640,
22641,
22642,
22643,
22644,
22645,
22646,
22647,
22648,
22649,
22650,
22651,
22652,
22653,
22654,
22655,
22656,
22657,
22658,
22659,
22660,
22661,
22662,
22663,
22664,
22665,
22666,
22667,
22668,
22669,
22670,
22671,
22672,
22673,
22674,
22675,
22676,
22677,
22678,
22679,
22680,
22681,
22682,
22683,
22684,
22685,
22686,
22687,
22688,
22689,
22690,
22691,
22692,
22693,
22694,
22695,
22696,
22697,
22698,
22699,
22700,
22701,
22702,
22703,
22704,
22705,
22706,
22707,
22708,
22709,
22710,
22711,
22712,
22713,
22714,
22715,
22716,
22717,
22718,
22719,
22720,
22721,
22722,
22723,
22724,
22725,
22726,
22727,
22728,
22729,
22730,
22731,
22732,
22733,
22734,
22735,
22736,
22737,
22738,
22739,
22740,
22741,
22742,
22743,
22744,
22745,
22746,
22747,
22748,
22749,
22750,
22751,
22752,
22753,
22754,
22755,
22756,
22757,
22758,
22759,
22760,
22761,
22762,
22763,
22764,
22765,
22766,
22767,
22768,
22769,
22770,
22771,
22772,
22773,
22774,
22775,
22776,
22777,
22778,
22779,
22780,
22781,
22782,
22783,
22784,
22785,
22786,
22787,
22788,
22789,
22790,
22791,
22792,
22793,
22794,
22795,
22796,
22797,
22798,
22799,
22800,
22801,
22802,
22803,
22804,
22805,
22806,
22807,
22808,
22809,
22810,
22811,
22812,
22813,
22814,
22815,
22816,
22817,
22818,
22819,
22820,
22821,
22822,
22823,
22824,
22825,
22826,
22827,
22828,
22829,
22830,
22831,
22832,
22833,
22834,
22835,
22836,
22837,
22838,
22839,
22840,
22841,
22842,
22843,
22844,
22845,
22846,
22847,
22848,
22849,
22850,
22851,
22852,
22853,
22854,
22855,
22856,
22857,
22858,
22859,
22860,
22861,
22862,
22863,
22864,
22865,
22866,
22867,
22868,
22869,
22870,
22871,
22872,
22873,
22874,
22875,
22876,
22877,
22878,
22879,
22880,
22881,
22882,
22883,
22884,
22885,
22886,
22887,
22888,
22889,
22890,
22891,
22892,
22893,
22894,
22895,
22896,
22897,
22898,
22899,
22900,
22901,
22902,
22903,
22904,
22905,
22906,
22907,
22908,
22909,
22910,
22911,
22912,
22913,
22914,
22915,
22916,
22917,
22918,
22919,
22920,
22921,
22922,
22923,
22924,
22925,
22926,
22927,
22928,
22929,
22930,
22931,
22932,
22933,
22934,
22935,
22936,
22937,
22938,
22939,
22940,
22941,
22942,
22943,
22944,
22945,
22946,
22947,
22948,
22949,
22950,
22951,
22952,
22953,
22954,
22955,
22956,
22957,
22958,
22959,
22960,
22961,
22962,
22963,
22964,
22965,
22966,
22967,
22968,
22969,
22970,
22971,
22972,
22973,
22974,
22975,
22976,
22977,
22978,
22979,
22980,
22981,
22982,
22983,
22984,
22985,
22986,
22987,
22988,
22989,
22990,
22991,
22992,
22993,
22994,
22995,
22996,
22997,
22998,
22999,
23000,
23001,
23002,
23003,
23004,
23005,
23006,
23007,
23008,
23009,
23010,
23011,
23012,
23013,
23014,
23015,
23016,
23017,
23018,
23019,
23020,
23021,
23022,
23023,
23024,
23025,
23026,
23027,
23028,
23029,
23030,
23031,
23032,
23033,
23034,
23035,
23036,
23037,
23038,
23039,
23040,
23041,
23042,
23043,
23044,
23045,
23046,
23047,
23048,
23049,
23050,
23051,
23052,
23053,
23054,
23055,
23056,
23057,
23058,
23059,
23060,
23061,
23062,
23063,
23064,
23065,
23066,
23067,
23068,
23069,
23070,
23071,
23072,
23073,
23074,
23075,
23076,
23077,
23078,
23079,
23080,
23081,
23082,
23083,
23084,
23085,
23086,
23087,
23088,
23089,
23090,
23091,
23092,
23093,
23094,
23095,
23096,
23097,
23098,
23099,
23100,
23101,
23102,
23103,
23104,
23105,
23106,
23107,
23108,
23109,
23110,
23111,
23112,
23113,
23114,
23115,
23116,
23117,
23118,
23119,
23120,
23121,
23122,
23123,
23124,
23125,
23126,
23127,
23128,
23129,
23130,
23131,
23132,
23133,
23134,
23135,
23136,
23137,
23138,
23139,
23140,
23141,
23142,
23143,
23144,
23145,
23146,
23147,
23148,
23149,
23150,
23151,
23152,
23153,
23154,
23155,
23156,
23157,
23158,
23159,
23160,
23161,
23162,
23163,
23164,
23165,
23166,
23167,
23168,
23169,
23170,
23171,
23172,
23173,
23174,
23175,
23176,
23177,
23178,
23179,
23180,
23181,
23182,
23183,
23184,
23185,
23186,
23187,
23188,
23189,
23190,
23191,
23192,
23193,
23194,
23195,
23196,
23197,
23198,
23199,
23200,
23201,
23202,
23203,
23204,
23205,
23206,
23207,
23208,
23209,
23210,
23211,
23212,
23213,
23214,
23215,
23216,
23217,
23218,
23219,
23220,
23221,
23222,
23223,
23224,
23225,
23226,
23227,
23228,
23229,
23230,
23231,
23232,
23233,
23234,
23235,
23236,
23237,
23238,
23239,
23240,
23241,
23242,
23243,
23244,
23245,
23246,
23247,
23248,
23249,
23250,
23251,
23252,
23253,
23254,
23255,
23256,
23257,
23258,
23259,
23260,
23261,
23262,
23263,
23264,
23265,
23266,
23267,
23268,
23269,
23270,
23271,
23272,
23273,
23274,
23275,
23276,
23277,
23278,
23279,
23280,
23281,
23282,
23283,
23284,
23285,
23286,
23287,
23288,
23289,
23290,
23291,
23292,
23293,
23294,
23295,
23296,
23297,
23298,
23299,
23300,
23301,
23302,
23303,
23304,
23305,
23306,
23307,
23308,
23309,
23310,
23311,
23312,
23313,
23314,
23315,
23316,
23317,
23318,
23319,
23320,
23321,
23322,
23323,
23324,
23325,
23326,
23327,
23328,
23329,
23330,
23331,
23332,
23333,
23334,
23335,
23336,
23337,
23338,
23339,
23340,
23341,
23342,
23343,
23344,
23345,
23346,
23347,
23348,
23349,
23350,
23351,
23352,
23353,
23354,
23355,
23356,
23357,
23358,
23359,
23360,
23361,
23362,
23363,
23364,
23365,
23366,
23367,
23368,
23369,
23370,
23371,
23372,
23373,
23374,
23375,
23376,
23377,
23378,
23379,
23380,
23381,
23382,
23383,
23384,
23385,
23386,
23387,
23388,
23389,
23390,
23391,
23392,
23393,
23394,
23395,
23396,
23397,
23398,
23399,
23400,
23401,
23402,
23403,
23404,
23405,
23406,
23407,
23408,
23409,
23410,
23411,
23412,
23413,
23414,
23415,
23416,
23417,
23418,
23419,
23420,
23421,
23422,
23423,
23424,
23425,
23426,
23427,
23428,
23429,
23430,
23431,
23432,
23433,
23434,
23435,
23436,
23437,
23438,
23439,
23440,
23441,
23442,
23443,
23444,
23445,
23446,
23447,
23448,
23449,
23450,
23451,
23452,
23453,
23454,
23455,
23456,
23457,
23458,
23459,
23460,
23461,
23462,
23463,
23464,
23465,
23466,
23467,
23468,
23469,
23470,
23471,
23472,
23473,
23474,
23475,
23476,
23477,
23478,
23479,
23480,
23481,
23482,
23483,
23484,
23485,
23486,
23487,
23488,
23489,
23490,
23491,
23492,
23493,
23494,
23495,
23496,
23497,
23498,
23499,
23500,
23501,
23502,
23503,
23504,
23505,
23506,
23507,
23508,
23509,
23510,
23511,
23512,
23513,
23514,
23515,
23516,
23517,
23518,
23519,
23520,
23521,
23522,
23523,
23524,
23525,
23526,
23527,
23528,
23529,
23530,
23531,
23532,
23533,
23534,
23535,
23536,
23537,
23538,
23539,
23540,
23541,
23542,
23543,
23544,
23545,
23546,
23547,
23548,
23549,
23550,
23551,
23552,
23553,
23554,
23555,
23556,
23557,
23558,
23559,
23560,
23561,
23562,
23563,
23564,
23565,
23566,
23567,
23568,
23569,
23570,
23571,
23572,
23573,
23574,
23575,
23576,
23577,
23578,
23579,
23580,
23581,
23582,
23583,
23584,
23585,
23586,
23587,
23588,
23589,
23590,
23591,
23592,
23593,
23594,
23595,
23596,
23597,
23598,
23599,
23600,
23601,
23602,
23603,
23604,
23605,
23606,
23607,
23608,
23609,
23610,
23611,
23612,
23613,
23614,
23615,
23616,
23617,
23618,
23619,
23620,
23621,
23622,
23623,
23624,
23625,
23626,
23627,
23628,
23629,
23630,
23631,
23632,
23633,
23634,
23635,
23636,
23637,
23638,
23639,
23640,
23641,
23642,
23643,
23644,
23645,
23646,
23647,
23648,
23649,
23650,
23651,
23652,
23653,
23654,
23655,
23656,
23657,
23658,
23659,
23660,
23661,
23662,
23663,
23664,
23665,
23666,
23667,
23668,
23669,
23670,
23671,
23672,
23673,
23674,
23675,
23676,
23677,
23678,
23679,
23680,
23681,
23682,
23683,
23684,
23685,
23686,
23687,
23688,
23689,
23690,
23691,
23692,
23693,
23694,
23695,
23696,
23697,
23698,
23699,
23700,
23701,
23702,
23703,
23704,
23705,
23706,
23707,
23708,
23709,
23710,
23711,
23712,
23713,
23714,
23715,
23716,
23717,
23718,
23719,
23720,
23721,
23722,
23723,
23724,
23725,
23726,
23727,
23728,
23729,
23730,
23731,
23732,
23733,
23734,
23735,
23736,
23737,
23738,
23739,
23740,
23741,
23742,
23743,
23744,
23745,
23746,
23747,
23748,
23749,
23750,
23751,
23752,
23753,
23754,
23755,
23756,
23757,
23758,
23759,
23760,
23761,
23762,
23763,
23764,
23765,
23766,
23767,
23768,
23769,
23770,
23771,
23772,
23773,
23774,
23775,
23776,
23777,
23778,
23779,
23780,
23781,
23782,
23783,
23784,
23785,
23786,
23787,
23788,
23789,
23790,
23791,
23792,
23793,
23794,
23795,
23796,
23797,
23798,
23799,
23800,
23801,
23802,
23803,
23804,
23805,
23806,
23807,
23808,
23809,
23810,
23811,
23812,
23813,
23814,
23815,
23816,
23817,
23818,
23819,
23820,
23821,
23822,
23823,
23824,
23825,
23826,
23827,
23828,
23829,
23830,
23831,
23832,
23833,
23834,
23835,
23836,
23837,
23838,
23839,
23840,
23841,
23842,
23843,
23844,
23845,
23846,
23847,
23848,
23849,
23850,
23851,
23852,
23853,
23854,
23855,
23856,
23857,
23858,
23859,
23860,
23861,
23862,
23863,
23864,
23865,
23866,
23867,
23868,
23869,
23870,
23871,
23872,
23873,
23874,
23875,
23876,
23877,
23878,
23879,
23880,
23881,
23882,
23883,
23884,
23885,
23886,
23887,
23888,
23889,
23890,
23891,
23892,
23893,
23894,
23895,
23896,
23897,
23898,
23899,
23900,
23901,
23902,
23903,
23904,
23905,
23906,
23907,
23908,
23909,
23910,
23911,
23912,
23913,
23914,
23915,
23916,
23917,
23918,
23919,
23920,
23921,
23922,
23923,
23924,
23925,
23926,
23927,
23928,
23929,
23930,
23931,
23932,
23933,
23934,
23935,
23936,
23937,
23938,
23939,
23940,
23941,
23942,
23943,
23944,
23945,
23946,
23947,
23948,
23949,
23950,
23951,
23952,
23953,
23954,
23955,
23956,
23957,
23958,
23959,
23960,
23961,
23962,
23963,
23964,
23965,
23966,
23967,
23968,
23969,
23970,
23971,
23972,
23973,
23974,
23975,
23976,
23977,
23978,
23979,
23980,
23981,
23982,
23983,
23984,
23985,
23986,
23987,
23988,
23989,
23990,
23991,
23992,
23993,
23994,
23995,
23996,
23997,
23998,
23999,
24000,
24001,
24002,
24003,
24004,
24005,
24006,
24007,
24008,
24009,
24010,
24011,
24012,
24013,
24014,
24015,
24016,
24017,
24018,
24019,
24020,
24021,
24022,
24023,
24024,
24025,
24026,
24027,
24028,
24029,
24030,
24031,
24032,
24033,
24034,
24035,
24036,
24037,
24038,
24039,
24040,
24041,
24042,
24043,
24044,
24045,
24046,
24047,
24048,
24049,
24050,
24051,
24052,
24053,
24054,
24055,
24056,
24057,
24058,
24059,
24060,
24061,
24062,
24063,
24064,
24065,
24066,
24067,
24068,
24069,
24070,
24071,
24072,
24073,
24074,
24075,
24076,
24077,
24078,
24079,
24080,
24081,
24082,
24083,
24084,
24085,
24086,
24087,
24088,
24089,
24090,
24091,
24092,
24093,
24094,
24095,
24096,
24097,
24098,
24099,
24100,
24101,
24102,
24103,
24104,
24105,
24106,
24107,
24108,
24109,
24110,
24111,
24112,
24113,
24114,
24115,
24116,
24117,
24118,
24119,
24120,
24121,
24122,
24123,
24124,
24125,
24126,
24127,
24128,
24129,
24130,
24131,
24132,
24133,
24134,
24135,
24136,
24137,
24138,
24139,
24140,
24141,
24142,
24143,
24144,
24145,
24146,
24147,
24148,
24149,
24150,
24151,
24152,
24153,
24154,
24155,
24156,
24157,
24158,
24159,
24160,
24161,
24162,
24163,
24164,
24165,
24166,
24167,
24168,
24169,
24170,
24171,
24172,
24173,
24174,
24175,
24176,
24177,
24178,
24179,
24180,
24181,
24182,
24183,
24184,
24185,
24186,
24187,
24188,
24189,
24190,
24191,
24192,
24193,
24194,
24195,
24196,
24197,
24198,
24199,
24200,
24201,
24202,
24203,
24204,
24205,
24206,
24207,
24208,
24209,
24210,
24211,
24212,
24213,
24214,
24215,
24216,
24217,
24218,
24219,
24220,
24221,
24222,
24223,
24224,
24225,
24226,
24227,
24228,
24229,
24230,
24231,
24232,
24233,
24234,
24235,
24236,
24237,
24238,
24239,
24240,
24241,
24242,
24243,
24244,
24245,
24246,
24247,
24248,
24249,
24250,
24251,
24252,
24253,
24254,
24255,
24256,
24257,
24258,
24259,
24260,
24261,
24262,
24263,
24264,
24265,
24266,
24267,
24268,
24269,
24270,
24271,
24272,
24273,
24274,
24275,
24276,
24277,
24278,
24279,
24280,
24281,
24282,
24283,
24284,
24285,
24286,
24287,
24288,
24289,
24290,
24291,
24292,
24293,
24294,
24295,
24296,
24297,
24298,
24299,
24300,
24301,
24302,
24303,
24304,
24305,
24306,
24307,
24308,
24309,
24310,
24311,
24312,
24313,
24314,
24315,
24316,
24317,
24318,
24319,
24320,
24321,
24322,
24323,
24324,
24325,
24326,
24327,
24328,
24329,
24330,
24331,
24332,
24333,
24334,
24335,
24336,
24337,
24338,
24339,
24340,
24341,
24342,
24343,
24344,
24345,
24346,
24347,
24348,
24349,
24350,
24351,
24352,
24353,
24354,
24355,
24356,
24357,
24358,
24359,
24360,
24361,
24362,
24363,
24364,
24365,
24366,
24367,
24368,
24369,
24370,
24371,
24372,
24373,
24374,
24375,
24376,
24377,
24378,
24379,
24380,
24381,
24382,
24383,
24384,
24385,
24386,
24387,
24388,
24389,
24390,
24391,
24392,
24393,
24394,
24395,
24396,
24397,
24398,
24399,
24400,
24401,
24402,
24403,
24404,
24405,
24406,
24407,
24408,
24409,
24410,
24411,
24412,
24413,
24414,
24415,
24416,
24417,
24418,
24419,
24420,
24421,
24422,
24423,
24424,
24425,
24426,
24427,
24428,
24429,
24430,
24431,
24432,
24433,
24434,
24435,
24436,
24437,
24438,
24439,
24440,
24441,
24442,
24443,
24444,
24445,
24446,
24447,
24448,
24449,
24450,
24451,
24452,
24453,
24454,
24455,
24456,
24457,
24458,
24459,
24460,
24461,
24462,
24463,
24464,
24465,
24466,
24467,
24468,
24469,
24470,
24471,
24472,
24473,
24474,
24475,
24476,
24477,
24478,
24479,
24480,
24481,
24482,
24483,
24484,
24485,
24486,
24487,
24488,
24489,
24490,
24491,
24492,
24493,
24494,
24495,
24496,
24497,
24498,
24499,
24500,
24501,
24502,
24503,
24504,
24505,
24506,
24507,
24508,
24509,
24510,
24511,
24512,
24513,
24514,
24515,
24516,
24517,
24518,
24519,
24520,
24521,
24522,
24523,
24524,
24525,
24526,
24527,
24528,
24529,
24530,
24531,
24532,
24533,
24534,
24535,
24536,
24537,
24538,
24539,
24540,
24541,
24542,
24543,
24544,
24545,
24546,
24547,
24548,
24549,
24550,
24551,
24552,
24553,
24554,
24555,
24556,
24557,
24558,
24559,
24560,
24561,
24562,
24563,
24564,
24565,
24566,
24567,
24568,
24569,
24570,
24571,
24572,
24573,
24574,
24575,
24576,
24577,
24578,
24579,
24580,
24581,
24582,
24583,
24584,
24585,
24586,
24587,
24588,
24589,
24590,
24591,
24592,
24593,
24594,
24595,
24596,
24597,
24598,
24599,
24600,
24601,
24602,
24603,
24604,
24605,
24606,
24607,
24608,
24609,
24610,
24611,
24612,
24613,
24614,
24615,
24616,
24617,
24618,
24619,
24620,
24621,
24622,
24623,
24624,
24625,
24626,
24627,
24628,
24629,
24630,
24631,
24632,
24633,
24634,
24635,
24636,
24637,
24638,
24639,
24640,
24641,
24642,
24643,
24644,
24645,
24646,
24647,
24648,
24649,
24650,
24651,
24652,
24653,
24654,
24655,
24656,
24657,
24658,
24659,
24660,
24661,
24662,
24663,
24664,
24665,
24666,
24667,
24668,
24669,
24670,
24671,
24672,
24673,
24674,
24675,
24676,
24677,
24678,
24679,
24680,
24681,
24682,
24683,
24684,
24685,
24686,
24687,
24688,
24689,
24690,
24691,
24692,
24693,
24694,
24695,
24696,
24697,
24698,
24699,
24700,
24701,
24702,
24703,
24704,
24705,
24706,
24707,
24708,
24709,
24710,
24711,
24712,
24713,
24714,
24715,
24716,
24717,
24718,
24719,
24720,
24721,
24722,
24723,
24724,
24725,
24726,
24727,
24728,
24729,
24730,
24731,
24732,
24733,
24734,
24735,
24736,
24737,
24738,
24739,
24740,
24741,
24742,
24743,
24744,
24745,
24746,
24747,
24748,
24749,
24750,
24751,
24752,
24753,
24754,
24755,
24756,
24757,
24758,
24759,
24760,
24761,
24762,
24763,
24764,
24765,
24766,
24767,
24768,
24769,
24770,
24771,
24772,
24773,
24774,
24775,
24776,
24777,
24778,
24779,
24780,
24781,
24782,
24783,
24784,
24785,
24786,
24787,
24788,
24789,
24790,
24791,
24792,
24793,
24794,
24795,
24796,
24797,
24798,
24799,
24800,
24801,
24802,
24803,
24804,
24805,
24806,
24807,
24808,
24809,
24810,
24811,
24812,
24813,
24814,
24815,
24816,
24817,
24818,
24819,
24820,
24821,
24822,
24823,
24824,
24825,
24826,
24827,
24828,
24829,
24830,
24831,
24832,
24833,
24834,
24835,
24836,
24837,
24838,
24839,
24840,
24841,
24842,
24843,
24844,
24845,
24846,
24847,
24848,
24849,
24850,
24851,
24852,
24853,
24854,
24855,
24856,
24857,
24858,
24859,
24860,
24861,
24862,
24863,
24864,
24865,
24866,
24867,
24868,
24869,
24870,
24871,
24872,
24873,
24874,
24875,
24876,
24877,
24878,
24879,
24880,
24881,
24882,
24883,
24884,
24885,
24886,
24887,
24888,
24889,
24890,
24891,
24892,
24893,
24894,
24895,
24896,
24897,
24898,
24899,
24900,
24901,
24902,
24903,
24904,
24905,
24906,
24907,
24908,
24909,
24910,
24911,
24912,
24913,
24914,
24915,
24916,
24917,
24918,
24919,
24920,
24921,
24922,
24923,
24924,
24925,
24926,
24927,
24928,
24929,
24930,
24931,
24932,
24933,
24934,
24935,
24936,
24937,
24938,
24939,
24940,
24941,
24942,
24943,
24944,
24945,
24946,
24947,
24948,
24949,
24950,
24951,
24952,
24953,
24954,
24955,
24956,
24957,
24958,
24959,
24960,
24961,
24962,
24963,
24964,
24965,
24966,
24967,
24968,
24969,
24970,
24971,
24972,
24973,
24974,
24975,
24976,
24977,
24978,
24979,
24980,
24981,
24982,
24983,
24984,
24985,
24986,
24987,
24988,
24989,
24990,
24991,
24992,
24993,
24994,
24995,
24996,
24997,
24998,
24999,
25000,
25001,
25002,
25003,
25004,
25005,
25006,
25007,
25008,
25009,
25010,
25011,
25012,
25013,
25014,
25015,
25016,
25017,
25018,
25019,
25020,
25021,
25022,
25023,
25024,
25025,
25026,
25027,
25028,
25029,
25030,
25031,
25032,
25033,
25034,
25035,
25036,
25037,
25038,
25039,
25040,
25041,
25042,
25043,
25044,
25045,
25046,
25047,
25048,
25049,
25050,
25051,
25052,
25053,
25054,
25055,
25056,
25057,
25058,
25059,
25060,
25061,
25062,
25063,
25064,
25065,
25066,
25067,
25068,
25069,
25070,
25071,
25072,
25073,
25074,
25075,
25076,
25077,
25078,
25079,
25080,
25081,
25082,
25083,
25084,
25085,
25086,
25087,
25088,
25089,
25090,
25091,
25092,
25093,
25094,
25095,
25096,
25097,
25098,
25099,
25100,
25101,
25102,
25103,
25104,
25105,
25106,
25107,
25108,
25109,
25110,
25111,
25112,
25113,
25114,
25115,
25116,
25117,
25118,
25119,
25120,
25121,
25122,
25123,
25124,
25125,
25126,
25127,
25128,
25129,
25130,
25131,
25132,
25133,
25134,
25135,
25136,
25137,
25138,
25139,
25140,
25141,
25142,
25143,
25144,
25145,
25146,
25147,
25148,
25149,
25150,
25151,
25152,
25153,
25154,
25155,
25156,
25157,
25158,
25159,
25160,
25161,
25162,
25163,
25164,
25165,
25166,
25167,
25168,
25169,
25170,
25171,
25172,
25173,
25174,
25175,
25176,
25177,
25178,
25179,
25180,
25181,
25182,
25183,
25184,
25185,
25186,
25187,
25188,
25189,
25190,
25191,
25192,
25193,
25194,
25195,
25196,
25197,
25198,
25199,
25200,
25201,
25202,
25203,
25204,
25205,
25206,
25207,
25208,
25209,
25210,
25211,
25212,
25213,
25214,
25215,
25216,
25217,
25218,
25219,
25220,
25221,
25222,
25223,
25224,
25225,
25226,
25227,
25228,
25229,
25230,
25231,
25232,
25233,
25234,
25235,
25236,
25237,
25238,
25239,
25240,
25241,
25242,
25243,
25244,
25245,
25246,
25247,
25248,
25249,
25250,
25251,
25252,
25253,
25254,
25255,
25256,
25257,
25258,
25259,
25260,
25261,
25262,
25263,
25264,
25265,
25266,
25267,
25268,
25269,
25270,
25271,
25272,
25273,
25274,
25275,
25276,
25277,
25278,
25279,
25280,
25281,
25282,
25283,
25284,
25285,
25286,
25287,
25288,
25289,
25290,
25291,
25292,
25293,
25294,
25295,
25296,
25297,
25298,
25299,
25300,
25301,
25302,
25303,
25304,
25305,
25306,
25307,
25308,
25309,
25310,
25311,
25312,
25313,
25314,
25315,
25316,
25317,
25318,
25319,
25320,
25321,
25322,
25323,
25324,
25325,
25326,
25327,
25328,
25329,
25330,
25331,
25332,
25333,
25334,
25335,
25336,
25337,
25338,
25339,
25340,
25341,
25342,
25343,
25344,
25345,
25346,
25347,
25348,
25349,
25350,
25351,
25352,
25353,
25354,
25355,
25356,
25357,
25358,
25359,
25360,
25361,
25362,
25363,
25364,
25365,
25366,
25367,
25368,
25369,
25370,
25371,
25372,
25373,
25374,
25375,
25376,
25377,
25378,
25379,
25380,
25381,
25382,
25383,
25384,
25385,
25386,
25387,
25388,
25389,
25390,
25391,
25392,
25393,
25394,
25395,
25396,
25397,
25398,
25399,
25400,
25401,
25402,
25403,
25404,
25405,
25406,
25407,
25408,
25409,
25410,
25411,
25412,
25413,
25414,
25415,
25416,
25417,
25418,
25419,
25420,
25421,
25422,
25423,
25424,
25425,
25426,
25427,
25428,
25429,
25430,
25431,
25432,
25433,
25434,
25435,
25436,
25437,
25438,
25439,
25440,
25441,
25442,
25443,
25444,
25445,
25446,
25447,
25448,
25449,
25450,
25451,
25452,
25453,
25454,
25455,
25456,
25457,
25458,
25459,
25460,
25461,
25462,
25463,
25464,
25465,
25466,
25467,
25468,
25469,
25470,
25471,
25472,
25473,
25474,
25475,
25476,
25477,
25478,
25479,
25480,
25481,
25482,
25483,
25484,
25485,
25486,
25487,
25488,
25489,
25490,
25491,
25492,
25493,
25494,
25495,
25496,
25497,
25498,
25499,
25500,
25501,
25502,
25503,
25504,
25505,
25506,
25507,
25508,
25509,
25510,
25511,
25512,
25513,
25514,
25515,
25516,
25517,
25518,
